-277,326
200,-294
-51,-168
353,497
-175,-108
-14,157
-336,-390
-241,392
-144,-497
-473,-463
68,-32
495,268
-190,383
196,195
-222,-461
-27,453
-249,138
-188,-290
-426,129
178,419
411,-145
313,-164
255,125
-13,-252
324,-438
-292,-497
-169,220
91,-311
96,-282
383,-227
317,-282
-260,-286
383,428
141,396
247,497
-311,304
-382,-454
-11,57
249,64
-378,457
242,-309
-46,183
-86,58
288,318
-380,466
309,357
-399,-137
-407,168
441,43
-113,-432
55,65
-31,38
396,314
-415,453
226,436
306,375
-62,-323
-479,-418
-77,285
-364,-63
206,183
-11,13
-282,288
-383,-446
-18,-453
-35,-444
206,412
-468,-60
-31,-188
-198,141
-215,-49
410,290
-399,429
189,-30
-239,-444
-11,368
220,232
57,-400
495,-152
-139,194
-110,-445
190,-64
92,-401
184,454
158,-219
172,-426
-186,59
284,-171
188,368
-133,92
-250,281
-200,-399
232,176
-134,-25
430,73
-76,166
-175,-199
-220,-241
-436,73
-444,419
-181,147
423,-457
465,-241
-349,-231
-190,-348
-112,-442
-12,234
-434,78
46,438
67,-128
226,-434
297,-385
366,303
62,89
199,-98
127,180
346,210
-411,249
-162,270
-203,370
-439,239
-150,-398
358,187
6,-420
-198,486
208,-306
-463,-9
205,-34
275,493
-49,-400
233,-475
78,-279
114,10
-164,67
22,3
246,-466
-468,278
233,308
-202,200
460,-363
-135,0
-185,-474
47,-64
378,-238
-425,-122
166,-312
252,-300
353,311
304,367
-348,-492
83,-90
-338,294
-75,-271
-383,253
214,163
-160,248
131,-330
460,313
-451,84
3,-452
-112,-143
-363,-233
-444,397
-347,137
-428,-92
265,-338
-471,382
-272,-385
386,-405
48,445
473,-273
129,386
40,-205
383,340
-167,-444
-88,-372
68,-59
183,-359
-248,-33
-489,-459
458,286
62,414
73,220
379,-281
-250,-124
213,-217
-312,293
457,-60
-218,-105
341,-496
-72,-264
-298,-64
40,135
77,-189
33,357
446,-224
-57,377
-464,383
-484,479
413,-256
135,-391
34,78
333,-215
-20,245
-330,208
339,-354
272,447
-490,215
377,226
486,149
-56,-12
-244,350
-201,-387
-96,136
470,455
461,498
187,331
-143,306
142,-428
494,87
472,66
-487,-54
364,-13
-303,-198
450,-488
471,125
-236,-128
184,247
213,-382
99,421
340,107
-328,395
-122,172
47,47
-382,90
471,320
-346,-279
19,206
80,-498
-295,203
189,-490
1,-426
117,-163
-256,103
-148,-288
227,77
418,-257
-371,45
196,342
-104,-164
397,233
24,51
152,-251
-368,-414
-99,-350
342,-416
-207,156
82,-77
358,463
386,447
304,431
470,-275
164,-51
373,-420
-468,452
-348,-266
-228,-7
167,-317
39,-227
-221,-164
-162,242
452,274
173,456
-283,-203
-226,-258
-106,429
166,-443
168,-471
-313,-474
455,-241
-62,17
302,455
-48,-453
-302,-222
-48,-336
-295,291
-210,-92
93,153
-154,142
347,-12
486,-132
7,4
-495,-2
-35,-81
293,-144
377,-488
-377,231
-284,176
493,317
-204,193
104,386
-142,-345
-98,-349
-494,-431
210,-15
-388,-380
-441,-16
484,-175
96,321
489,-138
-304,-393
-390,276
404,-368
229,362
-291,-462
-275,-265
-100,-18
260,-433
118,-124
315,-213
311,50
-324,48
-33,-371
-75,-446
-56,481
251,490
-309,-110
22,139
51,-105
-294,-205
479,106
316,148
-99,71
-218,375
-482,-9
79,298
444,276
40,-409
13,-458
298,184
247,-356
-121,29
-428,-84
361,214
228,-263
-396,-80
18,170
57,349
-133,-136
343,103
403,-265
-448,-424
166,469
47,441
-61,132
361,-138
-489,-211
-208,-233
-354,-76
276,-49
-80,-75
-329,225
40,227
-347,62
-454,262
-193,-188
343,74
-206,-197
-245,-476
-176,291
85,144
-62,334
-341,-195
-145,-376
-377,219
-322,438
388,-314
-236,383
-422,-52
-297,-150
-490,111
109,-267
-87,-388
-447,-272
475,329
154,-367
-388,418
-139,428
-78,-495
-378,-296
174,-255
394,461
161,497
213,103
-490,403
133,64
-371,160
229,-265
15,120
-271,17
-435,-395
-95,-61
-358,-161
278,249
-13,-313
-261,310
-57,-229
-488,498
272,306
121,-108
-156,-141
-395,-76
201,-334
365,-361
70,-153
-166,-109
431,-498
375,496
-407,341
29,-85
382,-1
450,369
336,37
-447,-341
-91,-18
-449,6
489,-500
29,-337
-62,286
-283,172
142,-154
-404,-101
151,121
-42,-373
491,239
-166,-465
-323,208
313,-158
-312,87
-483,-407
373,-173
-459,328
-481,195
-220,-164
383,-94
290,65
365,20
391,201
-279,267
301,467
167,-234
81,367
139,481
-444,-340
171,188
152,166
-181,-228
435,-474
-383,-266
-245,-322
-313,-73
245,237
-122,-384
-79,232
-86,-402
85,240
-200,-418
128,-322
-324,-221
-367,-461
-482,33
257,-370
-207,204
-243,-110
-374,413
-347,-398
392,465
444,376
90,-148
-469,195
-495,240
112,133
-158,-12
-347,-405
-61,-318
356,137
-116,-158
267,197
211,-85
-33,372
391,-489
187,272
-255,20
-113,-204
-272,199
-78,-341
328,285
163,-352
401,-418
-72,316
96,153
56,-192
-143,-67
482,-298
-498,-450
214,-319
389,494
326,-456
-86,-30
40,224
373,-198
326,-275
-404,108
344,109
157,408
422,-294
-335,-357
282,-342
317,95
-370,2
286,103
318,-294
38,-213
-484,-11
163,-96
241,-83
-66,-224
-448,467
90,-48
83,459
-247,-387
256,417
339,85
18,-237
-284,356
-308,95
-205,-135
-5,-117
281,-292
496,5
-63,-462
-104,426
250,366
195,324
136,449
-423,456
121,430
-379,187
-103,-388
464,-283
-465,3
-182,-262
-351,57
-191,-496
320,442
-172,-2
-236,-472
434,74
315,199
45,111
182,-24
11,331
-492,-426
-164,495
286,-177
158,-148
182,16
-354,-420
-132,-32
-231,-364
149,-189
-438,-299
-317,320
215,-468
80,-201
-250,148
81,327
-95,-245
386,-485
-366,160
122,163
176,-147
473,-199
-389,331
-442,266
151,-63
176,434
-156,92
382,224
-206,-64
3,-11
-153,50
-94,-338
-253,65
487,287
47,-169
-332,111
383,-109
-137,245
-298,155
-355,-328
255,-164
453,-463
23,424
466,-194
-423,-118
349,-164
-60,-174
276,143
-420,-341
442,-96
482,472
-484,442
-56,-248
-279,-228
-441,-270
-380,-475
1,-30
484,453
-446,-83
431,-267
38,-5
358,-382
403,184
-368,341
13,182
277,333
-421,-456
12,-91
-290,183
72,-410
-327,-224
-218,455
370,312
-135,187
-463,58
343,-390
-283,-16
-314,-42
489,-11
-136,305
457,132
92,-304
-283,28
423,283
-495,420
-409,-466
270,33
271,426
-493,-140
-20,-223
-402,-317
172,335
24,-235
-6,380
-201,372
74,47
-267,366
-292,-363
-127,481
272,-182
64,151
191,420
-31,-374
97,296
280,-234
-469,-344
36,246
484,290
166,-33
-17,-234
22,400
155,-340
498,-164
425,446
-72,228
393,154
148,2
114,-357
-345,-397
2,81
173,-377
-444,104
-410,5
-188,200
-240,-229
356,165
303,168
-434,108
138,-321
-115,-52
497,-170
-309,-198
-175,-188
-380,466
398,-114
207,-182
492,-92
-176,452
390,-125
379,382
420,-45
401,374
18,-39
-491,-56
-417,495
177,332
421,-232
252,-139
231,-494
138,-3
121,-91
239,-94
-58,-244
-402,-442
-400,315
16,173
254,246
301,-435
-86,488
408,-356
153,-150
361,-339
46,30
-335,-422
-307,476
-46,92
-180,173
9,-233
96,-279
497,486
-299,-90
251,-444
114,125
-312,-178
483,-93
12,-298
331,-453
-157,419
263,-106
-382,-154
149,-183
-10,253
366,2
-398,-417
-471,-246
195,-93
474,-420
470,190
20,492
-277,301
486,-285
417,419
375,34
-315,447
-480,273
313,174
-357,217
174,-479
-484,-101
-377,377
335,-101
-465,404
381,-305
255,-355
-33,105
-196,477
202,199
34,-148
-317,-152
-191,-28
-217,414
92,-175
241,-442
-395,140
298,203
-11,-497
382,-472
-155,-131
-305,-453
-82,65
-171,-272
466,-44
448,-63
-474,-472
-361,-271
-24,-339
176,-137
-247,0
-317,-34
-112,-321
106,-207
119,342
-448,-262
448,302
198,-105
-40,-255
484,379
112,-86
0,326
-291,-104
-156,-124
-128,-121
-41,-178
-371,493
-140,478
-403,418
-277,273
-78,263
-16,-287
17,-418
414,500
189,187
84,-444
76,439
-374,-148
302,-37
234,-256
-368,-463
474,-89
160,403
-472,206
209,-83
-430,-180
247,441
-86,384
-272,-324
462,-131
-346,-125
357,-179
116,231
-100,297
137,14
202,-41
364,-49
-1,54
499,-261
153,458
213,27
-151,408
104,-16
239,-362
146,150
-355,452
274,296
462,-309
210,238
381,428
397,304
-478,-260
91,-228
-298,386
-275,-326
378,242
251,-395
-427,220
327,-258
312,-86
-351,-475
-370,-489
195,172
-269,121
479,-55
-402,419
-116,190
-390,-319
122,34
-251,42
-248,-120
143,-194
-20,-482
456,67
84,-378
1,376
-7,-99
-75,-236
232,487
-246,246
-368,359
444,-222
-40,-499
-114,-181
-221,-173
-92,-31
88,-451
265,-422
-290,-443
-468,-139
-3,376
238,257
-275,-209
-363,-426
-439,-9
-288,-119
316,357
225,433
406,279
63,-114
378,-143
-136,-470
-394,406
-485,-363
51,248
154,301
483,-385
-306,-59
38,106
-262,-195
-206,-255
133,-405
69,292
379,97
-316,407
333,101
-183,493
496,484
332,-234
-15,-159
62,33
144,-39
-492,-227
428,-81
292,114
-8,404
53,371
-217,-352
491,198
204,456
234,-394
-384,-147
-36,-99
-479,-337
-271,313
-255,-309
-413,-160
-279,301
83,102
-191,-31
-300,-395
285,-277
467,351
268,375
387,-477
70,489
230,-103
78,335
52,-246
-257,135
233,-247
-158,-457
-482,-398
124,42
231,212
327,-116
264,314
-165,367
14,306
-255,-227
440,209
348,486
-248,-449
99,-205
51,-424
-48,373
213,86
-339,80
337,-285
207,-318
81,-81
303,-392
-226,-458
-376,67
25,-331
6,297
-27,245
-214,-456
-472,438
-417,28
-243,-56
338,-447
12,-344
420,-350
-88,30
17,-293
476,462
-390,-275
-368,-81
-472,-387
482,-370
-117,-203
-283,-19
380,252
-253,-476
-380,-77
320,315
-52,-241
-446,-225
-317,271
12,-176
-435,399
438,439
-256,-340
-62,-4
-1,229
-493,-117
-266,476
112,-281
83,0
-9,290
-369,-355
-415,59
-305,1
299,-494
412,-406
283,453
133,172
-10,-268
1,-195
-433,469
-226,387
-49,180
96,142
330,44
-38,268
23,99
402,49
290,-354
344,345
-402,-42
181,-301
-312,-206
23,251
296,338
-482,-432
-389,201
357,468
118,436
-288,267
108,-362
147,106
390,-477
474,376
-18,101
332,-294
414,-118
-361,-11
-431,434
-203,34
-360,-135
-95,-468
212,238
355,360
-89,462
7,-387
-15,280
-143,392
-315,-56
485,-151
-495,198
44,430
407,335
-415,-493
339,-490
490,254
303,-356
-3,-423
184,-93
380,135
498,-413
18,-158
-142,-413
83,-414
-248,449
-452,317
-249,314
-260,451
-290,229
472,-488
-228,217
146,305
-442,486
496,396
-382,96
107,-274
-366,-276
-355,-56
-470,321
137,256
-206,-69
182,475
-313,-426
229,-444
-387,-364
429,186
-299,-163
-251,35
-150,-83
-3,440
-278,286
-15,496
-313,-321
210,83
217,21
368,463
373,363
-275,-22
238,213
111,177
150,386
-39,-484
362,-460
245,-192
350,-242
41,80
-457,57
-47,58
-460,-17
-412,175
-444,-328
345,2
257,-111
-218,309
103,-244
267,-118
-286,220
-2,-286
154,199
376,-363
212,452
120,-198
-145,-128
365,25
247,14
185,142
-211,39
346,-320
454,455
113,-283
-82,-150
-500,-170
359,-443
127,97
-222,373
200,-329
438,-299
-447,-97
-115,-253
-85,385
289,-247
276,131
154,-456
60,88
251,-244
-128,-143
274,220
417,-105
-120,284
279,-143
109,-373
396,-23
-447,68
171,54
378,-447
-486,46
-340,66
286,233
188,440
280,86
170,366
72,-464
-306,-319
262,-444
100,-324
-241,-368
417,188
265,220
-311,-258
-242,121
102,-293
392,-487
121,344
-222,230
-213,124
444,-266
164,-386
-26,-2
-461,-331
268,70
449,-375
-315,51
84,-347
-448,181
-300,-99
-370,-453
-311,-254
-242,-150
128,328
-147,480
379,240
84,-122
-344,388
269,32
-84,-429
112,206
345,496
-178,-424
-403,-7
-464,-458
-97,-455
-376,-458
-357,-398
278,-166
-73,-233
383,306
-207,-465
61,-463
-463,177
-324,-398
-278,-117
43,305
-53,499
359,-214
-275,263
298,-50
-334,448
-44,319
-463,-472
-320,125
-111,291
-372,292
203,425
-180,-92
-117,164
248,34
165,226
296,275
166,428
409,407
-413,449
189,-18
454,-317
92,311
445,-294
128,292
432,-372
-129,-333
176,-72
-286,317
280,386
-72,-217
-319,-247
-468,-492
-144,-388
340,-131
228,475
449,-190
21,478
-350,480
-461,-403
-379,-79
159,-417
-222,-344
-404,-277
101,99
157,404
281,-457
428,417
-339,347
439,-116
187,-294
220,-427
-263,-417
-294,429
-185,463
325,-112
-306,-104
-317,240
256,-483
205,-376
-378,-80
-212,-22
-117,189
-148,-21
-370,204
-392,241
140,-346
-149,446
127,85
-257,496
-455,228
365,146
-93,301
-243,180
247,30
-253,-105
141,-277
-272,18
222,-363
-95,112
435,96
1,134
71,-314
-291,-436
141,430
241,-380
-15,-402
-161,108
-314,388
-328,-371
-388,23
-228,124
156,-335
91,219
-348,361
377,324
-62,-317
-465,-347
132,-475
140,30
-334,470
272,-282
-241,390
-259,223
-29,96
-284,290
-402,67
-69,201
29,13
-13,9
-165,-34
-10,-347
439,-412
317,199
-441,39
-50,-486
50,343
392,-117
406,450
-271,-235
-13,-191
441,286
-46,14
-415,70
246,38
-428,85
-107,-17
-258,215
-141,-475
-304,147
473,269
31,-103
-87,137
-315,-36
422,-19
325,139
199,436
-429,80
-327,299
12,-210
287,288
-360,-473
-301,-248
418,43
47,321
117,-120
-465,-485
248,-402
172,-134
-435,-107
-317,-351
154,-366
-58,327
-111,207
-169,440
-242,401
355,304
45,-19
-87,-67
-108,455
125,-164
-365,11
111,336
-137,449
-405,292
334,80
344,-251
28,193
-328,-170
301,-482
-4,-260
467,-69
-287,-283
-147,297
-150,-376
450,316
-36,-85
420,-396
-144,-357
-360,104
-493,481
98,268
135,-492
422,214
-445,-247
119,4
-410,220
-297,-339
334,-249
135,330
-328,-259
323,429
241,221
227,-349
-238,-84
420,-159
416,-58
199,435
-380,373
346,239
-28,318
497,-326
-118,289
-219,208
-424,-115
-431,365
-65,-327
-124,493
-379,-284
-285,76
91,-2
-12,-193
53,-98
497,-426
481,-234
-49,1
475,47
-161,-122
405,428
-435,-31
36,61
140,71
494,322
258,-110
71,-357
-480,381
-149,41
80,466
-286,167
37,463
301,-483
-454,406
286,172
22,-257
-186,284
5,-329
253,163
-462,147
-487,190
441,-11
363,342
49,-413
-310,21
-101,-463
234,125
-194,445
215,345
-115,-221
17,125
435,-382
23,397
-247,-296
315,-98
-229,-441
44,86
211,395
395,-260
194,143
257,475
268,140
422,-130
198,-62
-479,500
390,391
357,-388
387,422
-313,376
481,-70
-337,-186
126,-230
116,-487
-282,379
-12,-112
151,329
-458,493
-116,-347
451,-81
-449,-305
-453,-389
348,-65
45,-322
-280,-426
402,-143
482,-194
-498,-499
304,372
-288,15
13,-108
198,-36
453,327
-354,255
-75,62
171,-301
-226,263
10,461
476,51
478,421
-152,-24
-333,-359
-341,-434
-165,466
-405,286
199,-200
277,209
-256,486
-11,345
-301,18
358,304
418,401
-24,-66
-318,-219
-499,442
-249,67
327,338
-49,-409
317,317
-383,0
-453,210
-258,378
-448,276
-426,-62
-263,251
-372,207
-448,-204
334,-134
-308,-228
-433,175
-82,188
38,139
-436,354
-162,370
118,-174
237,-49
373,-345
-114,-354
57,-463
416,40
-302,-225
-182,401
228,-223
-400,-408
435,-349
75,328
-76,-250
-457,249
130,42
-354,-253
-382,475
-281,373
462,197
9,349
-139,-360
-492,354
-150,283
-101,412
200,302
-190,-389
322,114
440,-324
-261,-331
411,227
357,-143
50,276
-96,-95
-25,-43
-137,-408
-269,466
481,349
386,-130
66,207
-417,112
-69,233
-66,-421
36,-134
-55,143
187,15
-304,-452
-455,-392
463,407
150,326
-158,43
88,-248
-317,316
373,420
436,-172
103,-486
457,115
189,-275
112,429
183,356
-282,-433
205,-109
300,223
49,273
-11,155
-15,41
118,-131
475,87
-192,-432
321,-395
-162,-15
-52,170
176,-267
26,125
426,410
399,85
-407,118
-12,-490
-175,-181
3,322
-102,238
-53,177
250,-280
240,-78
-166,24
117,-139
484,140
-97,45
347,171
-498,-109
-249,-14
-115,-383
-242,-407
400,260
-30,-176
297,467
-138,-42
-427,18
12,-203
-258,327
406,-226
136,-475
78,397
414,254
346,344
-415,-45
-48,-421
-313,-412
-363,-169
361,-212
227,20
274,185
35,484
-240,-252
50,-487
341,330
-157,-373
-298,-201
388,-169
100,499
236,366
401,-440
-241,396
-422,-332
-174,-441
-247,-32
-368,478
-469,-314
125,161
185,239
-152,-161
-356,-74
270,348
484,107
-427,-269
390,309
-466,-373
-45,479
414,500
-101,153
-174,-243
386,-276
350,-366
-33,359
106,166
-217,228
384,245
2,262
-460,-389
405,348
90,-476
-438,446
-404,498
435,-116
-221,285
-35,327
-89,476
189,231
28,398
327,-378
-288,260
-123,-408
47,-318
455,-202
61,352
-11,177
33,327
464,-243
427,115
-34,464
-363,446
349,-157
-365,-374
492,-398
-128,-60
-311,124
434,18
-397,5
290,-286
259,192
323,60
333,500
218,-18
-341,-175
489,154
-28,-415
3,-183
-338,-356
426,-291
117,292
29,480
310,234
-433,-93
-384,48
-347,37
465,367
256,-173
-396,-261
412,-399
-71,55
-31,-41
-194,401
189,479
-222,-336
-167,113
489,-57
439,-476
267,35
145,416
18,-472
27,195
-262,279
-219,360
-123,-132
421,-328
93,-89
-201,-180
-298,49
339,70
-40,-153
-80,443
-390,-9
-469,-52
359,169
-198,-190
-499,-321
347,-55
-250,301
-256,379
-348,433
-435,-418
-364,415
-313,-351
293,-367
-47,-38
-109,44
180,160
461,8
215,87
426,-193
343,-314
172,403
-143,378
-144,-165
-98,351
-271,-14
493,238
431,327
457,395
161,-434
263,242
-296,108
390,-104
55,443
306,444
-298,392
-234,346
275,-363
483,127
-460,155
33,7
57,82
-280,-422
441,-269
-433,315
391,292
-302,259
73,441
161,361
354,224
67,232
191,-400
257,71
33,-8
216,482
-407,-384
-391,-265
-268,-440
287,313
223,396
36,-398
274,219
314,-174
287,460
413,-240
70,-208
167,-480
-20,386
-152,199
-490,-326
79,-363
328,-408
40,157
-487,-492
149,-72
-493,498
-229,320
-77,401
-251,-72
26,-290
162,42
-41,230
-263,314
-375,53
138,388
80,39
-399,-278
196,35
-170,78
-68,295
-442,-350
-437,241
-14,3
-435,-302
-474,26
87,464
-245,221
-409,-458
307,34
78,-299
-62,100
-92,-5
456,-295
-20,-472
255,297
451,-262
-452,-95
446,212
-202,-338
51,304
429,-355
297,364
250,69
-15,-449
-212,259
-155,211
83,-499
-258,-297
-106,346
-228,368
30,216
22,-315
202,62
51,-82
-33,484
-422,270
-467,193
-400,-145
-150,-269
367,57
128,-204
-486,225
396,314
388,-199
-135,-412
300,-305
-392,-270
459,377
-420,-62
-421,175
-450,-408
-134,212
-297,478
145,-347
-349,423
-30,-97
423,147
230,409
360,-416
277,-149
-363,183
252,344
-99,199
-109,-175
331,-328
74,-16
-163,405
233,78
-281,-200
190,310
14,-269
21,156
326,-332
181,-453
-395,143
115,26
160,197
307,474
-357,-369
51,344
202,413
151,-393
160,-116
332,-71
246,-295
129,-17
189,-418
214,112
374,-359
322,-74
361,-485
-72,267
-258,33
-193,381
-360,272
341,-410
268,355
454,132
-291,-14
-21,383
-9,417
89,-225
-56,458
-13,332
453,172
-294,-474
-200,-436
-251,-385
-233,-238
69,128
-303,-252
-109,76
3,-383
-318,416
26,-210
-81,-128
239,-243
449,392
474,362
-280,-330
46,-407
16,284
59,332
270,239
442,-297
179,312
205,-58
410,-106
74,207
34,494
92,222
-431,-265
-290,430
-83,-66
297,-329
-442,396
285,-405
-472,-125
-77,-499
-370,-492
291,-330
44,-128
172,452
270,322
-409,-403
309,116
-19,-462
-374,-116
284,-245
476,450
-177,264
444,389
230,-148
-455,17
213,120
-377,-262
-225,-108
-210,352
110,239
-158,-142
306,-325
229,-46
392,-110
-338,347
-3,116
-282,-427
-340,341
52,-354
-257,-115
-221,293
334,-86
312,142
159,274
-455,-252
493,-191
463,-29
-417,485
-454,276
418,-311
336,408
474,417
-260,279
-481,168
-322,464
97,-73
-299,466
-374,183
477,0
11,173
-53,-471
-139,-58
150,-189
380,52
239,-432
-112,422
-428,137
269,-51
-98,47
-302,-394
-448,315
38,377
-311,74
266,71
110,336
11,-70
-440,-225
-288,-469
-66,-83
-403,-216
310,-441
-240,302
57,408
145,-455
-212,17
99,471
242,47
-211,-138
438,-469
-289,108
118,360
437,260
261,-428
268,86
-115,209
220,460
-460,-140
-203,-101
-179,11
324,-109
462,-73
457,157
-156,-67
-116,278
0,153
259,278
-290,-87
462,-105
203,253
-95,-447
81,246
86,-45
125,471
179,495
452,-322
-440,-396
493,97
-320,410
450,-34
-142,-140
-84,62
-476,18
-344,-452
-87,-10
45,346
-436,-8
311,-385
248,221
-454,-351
35,198
390,291
290,395
61,433
471,277
-4,8
173,-181
215,-385
-485,277
134,-463
-155,173
81,188
-349,-253
444,497
199,101
-351,157
-240,-305
14,322
91,-306
414,34
99,-267
315,150
53,43
209,468
-43,-46
313,-128
131,-39
-100,-124
-167,172
63,381
117,-83
-167,-330
-133,-179
135,-468
-461,240
393,498
337,-483
83,-198
-414,255
-452,58
11,-499
-30,236
-18,492
418,394
-51,10
-375,488
439,-178
-358,-142
-479,-362
340,361
-127,-254
-41,-81
151,301
335,-189
-298,-75
320,-123
329,390
-321,-53
175,-471
27,145
228,47
-415,-26
339,-308
432,-21
-158,403
79,-268
-353,-333
107,-157
281,-378
-357,-298
170,-235
399,54
-54,420
-100,396
-261,266
-137,-292
77,-317
-361,107
160,-467
-3,432
-354,-155
214,-55
99,417
-417,-281
122,-69
157,-35
-255,117
-80,-452
132,-368
-315,212
210,-459
134,-148
145,362
-453,-159
172,-262
-245,-296
345,-17
-242,394
110,-215
-2,433
-227,262
-179,-363
-327,494
-442,461
329,-80
344,244
295,-69
245,-256
186,-269
-112,-183
-407,470
253,-326
-379,-51
-457,-487
-434,185
287,375
-95,-239
-231,-179
182,-306
-323,16
339,430
-90,-84
21,292
204,-123
26,-334
-335,487
-85,203
74,-470
101,-398
-176,166
252,-320
298,-85
-225,-311
154,-440
-159,319
-87,484
42,-45
-198,214
38,396
-203,364
75,-295
351,19
422,63
81,323
270,317
-378,149
-467,-14
-17,227
-223,426
184,28
332,-435
377,-411
-369,22
-278,52
-351,383
150,387
-496,319
272,17
-263,456
83,252
164,91
-56,-42
-182,-445
-474,-440
240,-289
147,358
-60,167
234,-450
-374,176
370,197
106,88
-368,15
-285,-152
-101,153
-478,411
309,51
88,167
251,486
465,341
319,54
-31,216
-99,-372
146,-301
251,403
-262,305
13,-325
425,271
-97,-44
-271,324
175,-333
98,-124
454,438
-421,61
86,130
-431,-207
399,351
-209,-26
404,-331
-206,-464
-454,466
-298,-285
386,46
-305,22
-184,340
411,1
-453,-89
112,400
-42,113
-267,470
-267,384
-206,234
-247,-82
416,-221
50,374
227,45
489,-164
-211,112
-174,-1
-408,-77
-245,-241
-63,364
466,23
272,125
195,373
-391,421
-373,461
56,2
493,-380
17,64
-244,-11
-360,-75
-213,393
-465,311
-195,436
24,308
-11,-78
-412,-204
-428,77
-60,192
56,12
-306,453
-101,184
-390,480
-100,-488
-72,281
397,156
64,441
124,-319
465,-200
55,-6
-475,-100
-192,423
-442,-500
53,319
311,17
-146,187
462,-23
-272,375
-98,116
287,-443
-476,421
-91,-39
13,302
-194,-133
-242,81
-5,16
149,85
272,42
234,26
-469,141
347,-430
480,385
121,-131
-311,-170
-406,438
-399,-193
426,-198
496,-472
-440,340
-40,-328
242,219
-435,222
-312,462
-433,-456
80,108
319,-33
-287,-449
453,35
-398,415
490,-500
66,434
-263,298
403,-139
174,-26
-201,151
420,295
-328,110
-198,335
63,-133
65,-407
-76,95
-105,499
149,-447
379,-411
-154,-337
-230,-394
-160,480
237,-109
-70,180
4,162
202,-269
-319,-213
-178,-331
-158,-122
361,-474
-243,-200
365,391
450,-461
479,64
-154,-402
34,-34
73,-30
285,-357
84,41
-53,-288
-348,-172
-393,220
-162,196
45,279
103,-326
471,-266
-477,280
143,8
-396,-368
-471,-162
-480,-116
2,-230
134,380
-83,-131
-301,409
-287,301
-247,-313
494,-9
88,-126
-302,270
450,173
-285,-179
-136,-249
-338,-135
-340,-90
462,-490
187,-437
-251,-355
-438,-255
-325,370
196,260
-308,55
-401,304
-102,408
-222,-136
-154,-289
-3,132
442,226
275,240
-54,116
296,-203
74,-400
284,240
-298,417
52,151
198,75
175,197
437,353
208,440
214,-343
415,-384
228,-8
-470,234
-246,186
-294,128
-345,-70
-241,-333
490,424
306,375
-479,-283
393,-327
372,-224
-37,81
-45,-382
-74,197
480,-126
-318,74
106,248
-186,-333
100,251
416,325
136,-62
-336,-165
-40,-227
-467,486
85,448
35,132
-303,470
203,-395
-194,-324
479,-298
387,335
167,-22
424,-22
-419,-440
-259,-85
497,-6
-433,224
-277,-327
-64,-460
109,114
-212,262
214,21
-228,122
-47,18
127,-67
-14,-456
-394,327
408,312
-301,74
490,191
349,35
-172,-24
-236,-380
263,-343
-114,-187
-251,-448
-110,-255
-282,456
-143,44
61,-447
228,129
-14,-165
171,-395
-417,197
-80,225
-441,427
208,309
-385,213
203,204
-219,20
51,-155
-346,-183
274,-252
-169,366
-478,77
-298,-405
422,381
-201,348
190,-370
-352,159
450,-115
-19,-301
-269,-424
277,-234
-158,-303
31,-409
-74,405
300,71
35,485
-434,53
-158,-420
101,-271
345,-301
72,-121
-467,341
-109,356
454,-330
-457,123
93,223
302,-174
96,280
87,106
-180,-305
291,235
401,61
202,-256
-310,-453
37,-374
-205,429
-306,142
123,-408
265,141
-493,-222
-228,403
484,266
401,-96
-231,422
380,-371
-218,259
474,-65
330,-203
-141,120
-273,432
-155,-217
409,466
-245,488
347,351
330,-55
-289,-330
-311,-307
-47,-154
-145,-57
92,199
39,-217
461,-115
413,113
417,418
378,197
301,466
-410,-133
-451,-485
389,-176
-335,196
-405,-94
-291,-470
-9,-489
152,-345
251,-120
-303,-9
58,-444
136,-99
408,-184
396,430
47,155
186,273
482,-486
132,10
-167,401
148,-70
-120,-197
228,-160
322,369
171,-398
-67,-99
405,-93
393,201
55,245
-129,-385
-412,-136
-116,326
-366,147
15,150
45,-360
-193,204
431,-267
-268,295
-394,221
-148,431
-120,-100
385,-253
-335,61
13,-387
-33,-124
459,475
-500,457
-116,-108
-453,260
488,-267
-206,-224
-54,-306
251,173
-201,24
73,324
-348,14
407,-78
-368,-22
-159,-359
-273,220
-175,-8
-62,186
-72,24
403,246
-138,377
156,134
-431,484
492,-26
-265,407
198,271
250,-458
393,161
479,10
-148,222
-308,405
-360,-167
-283,-107
186,-432
432,417
-352,-431
-261,434
-239,370
431,221
182,428
236,484
-206,-385
150,-418
-491,499
10,-442
-58,407
-441,365
-177,413
77,-17
-472,-457
14,-170
-13,164
-221,379
193,-151
-415,-498
410,-16
-329,82
-350,-340
108,-285
430,-341
157,-250
356,-474
457,-201
18,-368
-349,-467
43,222
-262,-189
-316,77
-207,4
-38,143
122,396
178,120
-313,3
461,-163
-380,-96
405,-317
-28,-85
-150,-404
393,-300
424,-278
-384,34
-395,251
-378,221
53,-481
489,5
-462,-292
-453,-313
-186,470
443,414
-148,-53
265,-228
-315,152
-441,-405
-200,310
89,-345
-385,253
-260,-224
-408,407
-432,-113
69,141
-54,143
-108,-60
-408,-106
175,-221
-300,333
394,336
-244,-480
300,-417
-26,384
-241,-244
464,-384
-296,-429
-288,160
12,-329
80,98
274,-444
-455,490
482,300
-36,-319
-259,-165
-80,-220
-348,18
307,402
143,-78
-292,-265
357,232
-180,340
-383,72
54,454
220,-4
293,-30
-433,453
379,-370
94,-114
-179,-52
-159,457
8,300
141,121
-350,250
-113,298
8,-438
275,-464
311,434
38,497
-194,45
-85,-110
-357,-211
-115,-359
17,-135
50,371
-317,-350
-5,-397
-410,125
285,-253
322,-108
5,69
373,-226
387,241
-414,480
168,60
-428,-20
434,-321
-404,384
457,-225
348,51
-365,-291
-199,261
-342,145
-320,-265
325,265
31,287
-155,103
-189,-112
-435,-414
56,-432
225,33
24,-343
-263,-474
-354,-365
-466,107
-50,-477
-336,440
-370,130
-260,481
205,-291
-64,425
-438,-495
-421,149
411,486
453,-402
458,-15
208,-280
-492,354
-215,462
-294,402
-257,-404
-383,-370
-454,-494
490,-76
180,271
-247,-167
282,-266
-479,475
51,300
389,-67
-93,-371
340,-277
55,-276
89,-99
148,215
477,-141
-198,-424
-443,472
-383,-231
62,486
498,-295
-409,104
-233,425
244,89
-159,-334
-266,58
302,-468
-349,471
489,-449
-8,156
-96,-32
165,182
5,490
197,-34
-496,-41
262,82
-351,-297
-369,-86
257,224
-415,468
-164,-427
38,113
112,458
318,-85
383,-262
-41,-424
35,-493
-155,-489
35,-241
35,-312
248,434
-163,376
-315,-211
-493,454
245,-431
97,-139
289,-337
144,-1
-357,-420
-286,-357
-74,-260
83,-202
291,163
81,-168
-149,-190
90,-59
97,227
-227,199
-152,-188
103,-323
276,-118
-69,320
22,-265
98,166
-179,-431
-421,489
291,-310
74,-444
-493,-59
240,-448
-77,-371
220,-464
351,162
23,328
477,492
-481,-99
-319,295
-340,-434
187,-256
-78,47
-259,408
-150,62
-303,456
173,-377
-121,-110
-105,445
-355,-420
-308,372
-209,-427
-477,51
269,-164
168,-374
222,327
-47,26
-400,-316
-403,403
-75,307
188,340
73,29
-422,128
187,185
-489,-369
-78,59
68,366
-435,422
-500,-89
-143,-62
43,-129
382,180
-130,-499
244,-43
426,483
197,-385
-220,-443
220,164
-407,461
-390,295
411,-149
-467,-93
-164,125
213,-16
137,-30
60,-103
368,72
376,164
-23,-85
-101,-53
-438,-442
241,-324
91,475
-428,411
-349,-95
59,199
181,33
54,-134
-323,131
109,-12
-243,-160
130,299
416,230
-461,377
176,253
103,105
2,134
-150,-302
8,-354
-157,0
-410,-396
460,-426
-221,-23
-41,295
426,-282
-388,-62
6,293
-35,96
198,217
128,379
-113,251
-31,-169
35,-350
19,-250
468,-471
-325,446
133,53
-98,71
492,-476
290,420
364,-467
96,453
471,-440
498,-376
-384,-418
-379,16
-306,-396
-49,82
47,-187
-97,8
411,-48
472,-377
363,-314
-213,-20
-269,-265
99,204
-225,216
59,-84
-324,433
169,400
68,-236
164,322
451,103
-291,36
190,-56
282,459
-223,109
272,-78
105,172
-422,-495
-198,386
-40,-494
159,-173
-284,459
292,207
283,-256
-71,84
-46,97
-275,-327
-497,185
335,-390
343,418
269,479
-58,332
419,-24
476,-355
-276,407
317,-308
-493,430
-146,77
112,-32
-178,224
88,-203
-22,-134
57,43
366,-393
-387,-478
-123,-20
-268,213
-74,428
200,184
430,-380
-85,456
-263,315
330,-282
-477,194
-52,19
354,22
447,-381
-16,-3
66,457
-6,278
-411,100
-269,235
-134,-44
-58,-116
-115,-239
287,-86
22,270
109,-254
131,-92
98,320
-3,66
-482,-405
94,71
-4,-296
334,-128
-484,427
448,152
254,267
-91,-156
-5,72
416,-400
396,242
243,-113
247,249
-300,182
471,-234
-362,-243
249,400
204,-139
-76,-353
149,-68
-93,-405
475,445
-225,470
-183,192
440,491
419,170
294,373
480,438
344,70
213,64
-242,-353
296,-60
394,-223
-409,-359
312,296
-3,184
29,-463
-240,359
289,378
116,-440
20,221
-197,129
146,-194
-405,366
-389,-171
-367,-421
-20,393
-308,237
-189,-111
147,-101
262,-397
-113,-216
108,-345
-306,-213
-485,235
253,-330
-389,-339
347,404
172,258
107,-385
284,311
62,-273
275,227
-305,449
-453,326
490,259
467,166
154,-336
-236,150
-158,-430
79,-309
100,130
216,-480
146,-108
134,-309
344,-52
129,315
-59,-165
444,186
-277,444
-162,-188
437,400
-79,366
-377,65
409,192
405,-326
417,-12
-80,-228
-482,-226
-7,423
148,-364
-354,231
403,-112
-90,60
484,-22
12,-191
52,351
-27,471
15,220
-92,-156
68,-446
424,469
-347,224
458,113
413,-500
365,-425
482,29
-30,-268
105,-377
-411,-408
-212,89
-380,-340
-142,283
-1,218
-365,-88
-154,217
81,-455
-210,-339
426,148
238,411
-256,-354
-105,201
-353,-387
-162,276
-317,-86
24,108
195,319
161,-272
-117,-135
-319,-307
-382,351
335,388
77,-128
211,-458
-166,-296
68,-211
105,102
41,-419
317,-202
-437,-330
335,-169
155,-409
-134,382
162,-266
-118,388
-264,-373
-285,-113
219,23
-360,-176
174,-440
51,-334
-83,479
477,22
-86,-407
-232,305
456,-354
-29,-252
396,-123
0,-414
-300,163
-213,478
117,-445
-84,-11
389,160
46,203
-183,-237
-363,68
161,-428
-327,-113
97,399
31,88
-342,-171
-238,489
-24,98
-87,-183
-35,-263
456,295
-276,-193
490,292
250,155
114,-324
-52,-73
-331,101
-338,-488
27,31
-136,209
-192,305
-68,-373
419,334
170,380
263,370
239,-85
288,-320
466,71
413,-74
-457,430
139,399
99,127
11,301
-238,435
-303,-447
-440,214
-352,84
446,-481
-310,240
48,-297
121,-373
-143,-234
-309,-150
193,266
412,377
-491,-345
426,-334
361,117
-419,-228
-310,437
-314,469
-290,422
430,-301
421,-175
130,48
388,24
-403,411
101,19
486,497
134,-129
372,-125
70,417
424,202
55,91
252,-323
-150,243
-129,-65
-325,-173
363,-253
194,-132
-4,-288
-393,148
458,262
456,-354
189,478
-345,302
237,125
-281,-7
468,-201
322,-73
-26,360
62,178
445,-132
31,-292
322,7
-276,-100
275,-336
327,-437
472,335
218,483
54,-497
-154,-143
364,264
-21,-273
-450,299
-408,-429
-37,-35
406,-32
238,322
173,-430
163,499
18,467
-382,488
68,-74
-2,342
44,192
337,357
167,-362
441,291
178,324
-402,295
-255,-218
-303,21
290,-424
-137,312
462,-322
-38,392
-445,196
-136,174
191,168
219,-465
35,-235
-452,456
486,-97
424,240
401,150
324,15
-323,-366
32,213
52,117
359,487
-359,209
498,123
-81,477
-193,128
19,104
-478,-482
-175,-245
-252,-286
-285,-491
195,68
-354,350
-256,-135
350,-242
-33,-62
428,233
268,90
440,362
400,-217
289,38
407,94
1,27
-426,151
390,-104
-63,371
-455,-127
-47,-266
167,-435
-434,416
315,-303
410,-374
135,60
-304,187
218,-310
14,-450
64,118
298,37
424,-160
-6,-62
62,-151
-346,121
-128,252
-432,-177
-404,-411
497,242
-113,-60
58,-449
447,159
-442,246
6,-13
-216,398
321,171
70,453
227,33
-50,179
209,-218
-418,-261
401,374
-131,425
59,-198
189,-304
293,-444
-153,-160
-30,-483
388,434
-340,-306
-204,357
239,-277
-394,-451
-48,-122
121,50
314,-392
440,322
197,-193
304,-72
-405,-167
-419,-32
129,-359
-195,-206
303,-368
-64,356
166,-333
-417,416
-120,226
221,-152
-221,-334
324,-43
-446,-391
-290,-248
256,-108
124,-265
415,-425
-233,70
475,-372
-194,-389
26,-321
240,-488
460,-308
406,259
311,-233
-462,-87
108,-121
432,-404
77,255
-492,393
-316,-373
-93,-388
492,-336
-105,-46
-378,-359
182,-480
-315,34
209,462
-388,232
381,88
-481,139
-358,-380
122,454
-362,-241
-133,168
218,-185
-341,201
350,-155
119,-263
-440,-300
103,286
-75,-175
134,437
-256,-277
-251,457
-74,-362
48,-191
474,468
-229,-12
162,329
70,164
310,-358
447,242
84,-208
275,-88
401,-66
30,76
131,-217
-205,214
-249,399
-292,7
-184,114
-408,-320
-183,280
-103,-124
477,255
-223,-257
-162,-336
-88,437
296,-283
-54,86
-256,-51
413,486
-406,19
-99,359
145,92
-430,134
-160,151
347,466
272,263
380,-351
-315,448
282,-227
-110,57
480,57
492,-85
-117,306
-418,-259
496,-122
-44,-462
-176,341
339,-230
-64,-159
400,-200
16,-46
-391,189
433,18
24,40
118,-321
35,125
250,-274
-280,-56
479,354
25,-27
-49,450
-236,348
129,-317
-367,-355
460,47
334,-438
128,295
324,62
-462,477
443,260
400,142
90,453
390,45
-93,396
137,-11
124,481
107,-40
179,-233
-224,386
-268,245
488,-98
312,-396
186,89
-201,210
-393,164
-372,494
-421,-361
222,-312
-298,-387
371,67
304,-303
-414,-331
17,-361
-402,288
-108,86
133,49
-300,165
-231,-225
449,271
193,-380
425,-213
-500,-150
-410,100
-218,-361
208,-327
349,-407
91,-485
-140,402
-181,-12
102,243
-140,459
15,214
218,-172
329,-489
-446,-85
-198,-127
-334,165
-475,-302
-39,67
154,-214
363,266
49,-418
278,-287
-44,-242
-33,47
-281,316
14,466
335,478
-406,52
-321,222
311,6
-34,-420
-211,361
-119,377
384,-383
280,436
91,-381
-276,51
154,-393
82,-82
-445,-196
224,-52
-236,-148
120,-444
24,396
46,115
72,39
-279,-74
-415,-136
-399,-76
446,-163
58,-108
0,373
265,333
-36,-316
498,-420
39,-485
434,-439
-481,219
21,-40
390,105
-200,-50
110,-100
-153,380
-212,446
173,163
-331,-265
410,-234
-141,-159
-421,98
-17,445
-126,1
-164,108
-374,-464
-159,210
107,-186
77,403
-242,-409
492,91
110,-216
203,423
193,5
-263,-446
-195,258
-418,-333
240,-25
302,72
-187,-418
-13,-377
27,13
69,-440
-266,-248
7,-176
-442,194
70,-240
286,-389
294,160
224,276
354,-47
328,-89
432,57
362,463
315,-492
-375,-444
130,372
-433,-263
447,-327
226,134
-296,-427
-120,-173
339,211
79,388
-448,9
134,-441
350,-99
-188,153
-416,407
-405,291
-167,246
446,254
-158,258
180,-325
212,-449
-131,493
182,146
-215,-218
-270,321
413,-81
81,387
-123,62
52,-267
-356,465
-173,455
372,433
-326,438
-213,432
93,405
-36,20
459,-356
-422,222
-391,-297
-249,219
-115,2
372,67
294,15
-356,-203
28,89
33,228
441,29
-336,430
338,281
68,-101
-14,336
38,-49
-318,328
422,-63
117,337
167,14
-171,-400
212,-223
-410,229
420,-309
-112,-443
321,98
-358,-280
-375,-295
83,-328
146,-260
58,-388
294,-490
359,314
189,157
-319,-90
467,-192
18,294
-94,-11
-65,-404
-248,91
446,-29
-442,174
-371,-180
-376,-227
-326,-435
143,-68
-345,-463
-372,239
235,-491
394,-217
-138,182
181,224
-244,178
161,149
-140,116
-175,207
-438,379
-385,88
-75,-455
-47,-194
-147,95
-402,62
-349,-429
486,64
10,395
-398,180
-377,88
81,332
444,229
195,-83
-67,291
242,-442
-461,-187
-196,409
316,-414
491,188
-21,296
-196,-419
87,408
87,354
112,109
389,-365
341,298
-217,365
44,389
455,175
-225,-319
93,-83
434,-79
374,47
-418,436
-44,179
-255,96
-266,-234
-100,372
483,-295
357,-472
-118,-292
14,110
208,-299
-81,-216
474,-25
450,356
244,338
-323,186
-444,-367
114,-92
-329,-270
-468,-429
-106,474
39,-352
30,243
454,283
388,119
-381,209
-134,249
-64,-176
169,-339
197,-238
-26,454
-24,-285
328,-51
258,-409
411,-229
-69,77
416,33
-192,-456
30,-174
447,425
409,-352
-383,460
302,362
338,13
-217,368
248,144
-4,-112
445,-247
213,-148
-404,-350
261,67
84,-233
-222,471
45,-340
-253,99
-313,-228
-235,370
454,-336
-35,-293
418,-461
478,212
-252,265
-95,361
49,-342
-317,-374
86,-116
-299,459
-414,260
-82,-322
-146,-239
492,-403
-275,346
-240,-439
66,348
-492,257
-142,66
-350,-352
-231,-349
424,14
473,45
-148,386
-387,18
428,-379
-71,-292
-267,-438
-104,168
-405,-495
-499,96
106,82
-464,-71
68,-244
-135,289
-306,89
-1,-90
-101,460
-63,-424
-57,-294
190,369
-83,297
-348,-26
-400,349
296,193
-103,162
24,-273
-346,456
449,-58
-246,287
343,477
-8,-195
98,-479
-355,-252
471,132
-104,-458
-100,-322
-293,-204
387,-290
-487,159
-478,-229
462,-339
-444,313
-123,-50
-160,-428
-273,43
-462,349
-219,347
-350,180
-189,66
327,330
-331,294
-461,410
-343,-134
-73,146
219,-152
416,-454
-434,397
-269,-296
-487,291
422,-489
-411,-267
122,449
-102,283
-129,417
-271,-482
201,500
251,255
-175,482
-84,-213
223,-50
182,72
448,395
258,-92
81,-414
289,-490
288,245
352,261
-187,-66
-10,449
-179,-248
88,-13
41,-316
271,-348
329,441
285,276
383,-191
-147,71
-41,-424
-403,-153
-129,-112
-90,-344
-200,422
-318,298
208,207
486,422
-7,167
422,127
74,-34
334,212
-362,400
395,-462
220,187
466,-168
417,-467
-211,-228
-48,413
345,77
132,-205
60,-9
-111,209
379,274
-224,-277
334,402
-146,-308
117,-168
388,491
227,-233
411,296
-228,490
466,28
333,-467
173,162
37,5
130,-34
270,20
-184,-257
139,-128
5,342
4,-73
2,300
-355,-88
-283,-407
-79,208
-270,361
-98,63
29,386
-379,130
347,286
314,-88
-71,-448
59,417
473,17
-58,310
-430,113
-359,-93
-230,334
194,-87
124,-57
461,-213
376,-122
406,-86
-83,-122
-183,-141
354,207
-164,-222
-474,-371
-265,344
-186,-117
492,75
389,350
294,245
18,226
-169,252
260,-268
191,179
-3,-176
491,-171
99,251
-412,-406
437,-432
-138,173
-82,365
230,-188
28,330
344,-31
212,240
-266,425
-229,-424
127,247
411,245
446,-40
-252,125
-12,454
106,-399
121,281
353,-51
31,-235
-491,425
-10,337
-475,-241
437,39
-454,212
-164,41
-447,-272
-275,70
-54,392
-439,-452
-250,190
336,-209
-99,299
14,208
402,-203
350,363
-116,353
-52,-383
-282,-454
456,-320
294,475
478,335
-348,55
465,163
28,-358
55,-479
-23,-392
20,-243
-270,-212
-239,72
-349,-156
-298,-348
117,446
-123,83
-241,-142
278,-72
-288,362
293,-92
402,112
200,115
-427,-120
343,283
-261,154
224,46
286,495
158,25
-454,-475
335,-236
81,375
-124,142
-382,-136
-217,-495
-435,485
-62,468
68,25
106,-89
-156,87
-76,164
-74,-235
-274,-375
248,387
12,-129
400,-332
329,-463
-459,45
177,-105
-121,206
492,246
124,116
269,146
-328,-480
-337,-182
-432,30
397,-186
-94,395
327,240
-264,448
-444,-398
290,276
308,231
79,359
-228,159
-103,77
186,-307
283,333
393,-316
263,-142
465,-88
-169,-275
-500,464
125,415
180,424
319,431
104,-28
-160,-492
483,249
82,374
8,-264
448,167
-372,-316
-208,-164
74,366
412,178
-198,301
197,-86
-181,249
-235,94
-279,-88
184,169
-204,117
-108,124
118,262
-284,26
255,275
274,362
-220,298
227,82
192,-3
22,7
180,260
-87,347
-218,-11
-353,-408
-158,-246
-382,-165
-237,342
67,6
270,-328
-427,-348
405,6
-365,-298
425,326
387,-251
125,319
-486,282
-24,-243
-175,-154
220,314
-45,419
-123,-232
-493,-456
312,401
40,-118
482,357
-355,-43
411,294
-91,305
178,469
201,-328
-493,429
-311,-36
369,302
-84,-409
249,357
102,38
326,19
-221,12
-94,-356
180,256
400,-59
-350,-70
-223,186
-485,-403
-158,180
-400,-246
-151,455
259,280
28,-86
65,440
-434,-48
137,120
22,-230
-122,364
-463,-144
236,-80
-159,284
-11,-137
311,13
-243,470
-366,-329
471,-200
-154,459
50,-196
-231,-305
193,111
-49,-229
430,-51
47,260
372,345
97,272
-307,-364
79,-442
-40,-140
-31,230
497,284
-424,172
-145,-31
262,242
-249,107
78,-490
-492,-375
280,-360
138,53
456,-14
-258,-361
82,-201
402,-400
229,139
-39,-267
180,-52
-206,-11
291,102
419,-11
-363,-391
33,-296
178,-103
-45,485
-44,-461
-489,301
-265,12
-145,-462
-142,444
48,-107
376,-199
412,-311
-410,-10
188,-191
-62,-76
56,-352
-263,-55
-360,260
-32,451
332,-120
416,-220
284,-4
407,-5
127,468
-439,242
52,400
313,458
-452,389
-281,-318
-84,-193
-382,464
453,-435
-19,488
-154,-70
168,361
484,211
-317,-351
-310,-474
-375,359
164,40
-234,-316
-83,346
-70,162
-31,-37
277,-190
265,-193
-373,376
-59,-15
-347,84
-64,291
-318,-72
232,8
102,119
-22,394
-442,-197
-204,179
-335,108
16,-409
-273,-50
-264,258
-417,-358
314,119
464,295
171,245
119,-321
-8,-232
87,461
232,-339
6,79
29,494
232,145
385,-71
41,-461
216,-359
272,-16
32,340
-182,85
2,222
-221,-210
218,256
-126,-42
-48,290
492,257
83,238
475,357
-189,435
281,-306
-484,71
-226,-441
370,122
-313,-458
65,-4
-439,-484
466,71
356,-440
-151,-395
-174,-167
241,-193
-237,-354
-423,37
206,-250
469,356
303,119
172,150
43,-395
-421,-45
336,283
-16,272
-288,346
47,-105
-118,-462
15,115
-8,244
-147,158
418,-483
425,-328
25,383
-270,-469
-450,330
-300,231
312,-437
368,-448
337,-233
-249,-300
363,38
-26,286
463,243
336,398
201,-259
286,-295
460,-413
4,-481
430,-32
-222,-10
89,-355
79,-206
421,5
-19,485
182,-3
-422,47
-329,28
-395,-217
215,-155
-449,469
-329,406
-200,-141
-205,467
-194,253
243,130
-171,344
-177,441
374,16
-118,293
198,252
469,-400
108,444
336,252
490,94
-94,375
153,414
-25,-196
-426,247
-493,412
236,-325
-383,135
-452,4
-313,-328
-351,267
216,411
479,-163
188,72
-211,-38
-141,146
-460,460
133,353
-407,173
-329,377
236,-332
100,394
-430,-188
82,-43
-6,183
454,482
-408,-99
-329,404
301,-371
401,-402
-446,-70
444,133
360,-9
-319,452
-184,97
-440,-450
-305,419
-272,-277
-161,111
114,447
-256,-187
106,447
265,-45
-315,197
478,-228
-48,-291
85,-483
-486,-263
446,-295
21,315
-404,351
323,-155
352,0
141,-17
-481,256
-213,-17
491,134
-140,196
225,75
-468,-106
152,-321
432,-386
232,150
162,-353
230,462
497,-337
-472,92
342,255
429,296
12,-71
-39,184
-27,-170
-286,-198
73,-321
-318,351
-40,-18
360,-421
-186,-299
420,81
93,149
-66,434
-16,15
-288,-70
283,-497
-343,-346
-109,52
-92,-346
356,-323
112,161
235,-227
-369,-161
-208,-367
380,264
8,76
109,195
320,114
290,-339
15,133
-201,407
476,-445
-223,-50
290,-408
474,401
-288,-197
343,312
-386,318
118,-95
-450,322
441,-414
27,-146
-413,28
447,-284
-10,144
-54,291
386,366
-347,-23
-285,-144
-369,-418
464,-377
-277,-380
367,-372
-304,498
101,-139
-489,-147
-338,209
470,-34
-325,-160
13,281
304,9
23,-74
213,-480
-296,444
215,96
171,293
-429,317
-102,-273
495,-11
-21,-203
397,267
-442,448
-97,358
-140,370
-256,226
256,76
-113,334
-284,462
-301,156
-258,385
47,-26
-79,-55
-302,-124
313,223
-382,-444
-364,-46
-277,34
-128,-230
89,-52
-77,-80
126,-59
-340,-201
430,-367
-68,179
58,21
56,279
-479,-299
320,138
-32,489
13,130
-322,182
-384,90
-197,-207
495,396
473,489
-455,-329
334,-179
100,480
-266,158
-79,-158
-365,-95
-235,-315
-341,-12
274,290
186,451
-129,-167
119,414
229,40
-273,-153
432,135
-86,328
323,3
-206,378
-404,-204
94,256
-228,-110
-163,191
-432,-107
-139,388
239,-259
-7,387
22,-153
143,-98
286,48
-25,435
258,360
-318,-429
-69,129
139,-410
416,489
207,-35
97,323
-47,-180
310,-265
321,-389
-143,364
-142,320
368,432
189,-28
476,223
444,-36
89,-446
-305,279
425,355
-486,296
494,256
53,-283
-25,-150
57,-307
-364,404
368,-264
137,-295
31,-148
119,-488
-235,-237
14,-35
-49,-109
479,314
433,126
-39,166
14,-348
-149,176
151,34
-356,-361
244,-124
-280,474
-182,-401
500,-466
126,-297
181,-440
336,359
-317,-45
449,384
-334,459
-293,-413
65,420
-162,463
-381,-34
198,-183
-256,28
305,426
-370,136
316,-37
-140,278
120,-38
-287,276
-410,-271
-423,-123
-367,-113
-482,-439
-485,-215
202,291
412,23
-286,-403
-456,-93
-327,198
102,-342
107,76
-359,57
155,412
-190,-103
205,-103
163,-331
-350,-120
-294,191
-373,-354
31,-113
191,-378
-306,-157
-432,13
359,-217
440,34
-388,466
-197,-486
55,29
125,-415
-413,275
264,77
149,-93
-286,-12
73,-148
-176,378
252,350
-119,311
-162,-254
-345,-63
-475,-88
-118,434
318,-230
141,-275
23,-415
497,401
427,19
411,221
-426,-82
-57,-66
323,-91
-331,-20
-116,-126
410,336
347,-133
-412,48
-35,230
265,-67
339,-45
-154,70
319,107
83,399
-426,-55
-290,442
411,-62
-478,-97
-124,398
129,-269
-252,-257
-217,358
47,-183
-476,-218
418,371
499,-494
-446,305
115,151
76,97
429,-23
-83,-420
-7,-134
276,-265
-158,389
-220,-177
255,49
383,162
295,358
-339,379
310,-4
164,199
13,20
273,-102
225,53
-474,152
-345,493
379,-371
249,-234
426,400
299,-246
225,428
-132,-54
50,248
-346,93
120,-495
-177,402
207,-178
-458,55
251,70
446,348
-255,76
-395,-240
220,-207
330,-137
441,-332
117,136
114,328
-282,-9
303,-407
-168,-317
400,-19
446,-47
366,-198
304,321
322,-385
-275,-289
-273,-497
-203,349
-270,333
-449,490
232,127
-268,-128
393,372
-344,152
268,-116
-339,427
-303,251
-110,149
-377,33
63,113
-44,452
246,307
283,-177
114,-244
33,419
-311,21
204,-38
240,-466
385,-476
432,-322
436,-41
418,444
82,-403
487,429
-463,486
369,-143
414,-372
-421,472
-402,-495
301,-224
-52,-125
19,-120
-29,-160
216,15
86,-313
-218,38
-228,-469
20,341
-87,288
219,-458
-145,-198
-334,380
366,-399
-36,-78
69,14
126,313
154,-282
222,415
-184,-399
-317,-417
-154,-85
465,-211
367,452
212,-340
358,-173
-100,-276
-17,-50
328,70
450,-171
200,-48
467,392
479,-81
290,-329
-408,-206
-165,-452
-257,313
-190,0
-224,-183
-8,65
374,-25
-67,-486
-424,-205
305,21
347,-339
-408,479
160,343
51,-110
368,-146
218,326
-189,-281
3,397
-255,71
224,308
183,-305
-320,313
395,-439
-18,-407
-320,149
429,-363
390,-460
-277,-388
-426,-65
117,-472
203,-383
244,-217
-428,378
490,375
245,-496
-472,287
328,256
162,-114
-271,123
-166,464
-250,189
-430,-170
403,144
-315,274
-401,377
-41,131
308,81
-435,-287
257,486
-26,-217
69,500
-107,25
-5,-153
0,54
246,-437
95,-378
-48,-408
-301,-297
2,475
-251,447
-29,-286
420,-294
-460,-156
-241,-179
-347,-420
-54,57
-17,316
298,-106
358,475
206,-439
-215,-55
-20,-64
-152,-284
353,-282
-175,346
-73,108
178,346
186,-294
-129,-373
163,-498
-215,-394
-4,424
342,206
-414,364
92,-385
73,-330
60,-208
251,308
-211,-105
100,-136
56,220
-242,-13
-354,-272
-200,276
-180,-70
-158,89
-362,25
81,-167
392,468
497,310
-337,-442
454,78
140,-500
-139,364
-18,189
-421,490
-314,-348
373,143
272,318
48,421
-398,124
313,366
46,-88
-422,241
-394,-90
291,4
-347,-471
458,460
93,-428
-323,-338
239,-162
308,-90
217,-276
35,-397
322,466
-16,-214
283,192
-313,488
-411,236
-421,-310
-304,244
-226,-217
-378,-175
286,-50
480,-188
-401,-130
377,17
-161,120
-148,129
-334,300
-376,-286
276,144
143,-118
-87,-329
-372,46
308,-446
-114,28
356,64
53,-449
-176,-254
276,304
206,-19
-432,-393
117,352
23,-95
33,-498
407,160
443,421
36,496
-431,212
-230,-481
-195,459
-371,-229
401,98
194,36
100,-35
107,389
99,138
-406,-174
318,-135
-46,-434
311,-116
-175,-445
241,420
30,-212
-482,-302
241,63
470,-60
-181,42
342,14
198,-402
22,-7
274,-185
271,-27
-495,61
135,141
147,313
-134,-303
308,-358
-290,226
100,4
-194,173
-449,-208
172,41
-309,361
264,-369
428,-496
-124,-186
-349,311
-3,173
-417,-353
474,-191
363,486
449,45
-354,235
-27,-448
-297,-306
169,-417
492,364
-94,-161
-169,-441
89,294
64,290
-174,-366
179,-341
-299,-14
-8,285
-310,112
50,-439
19,219
361,122
-264,-278
3,-195
-369,-47
-68,241
-35,-418
442,162
168,420
19,-309
-338,438
-86,-154
-61,-226
302,-229
-152,86
347,-405
277,-235
-20,-199
260,448
153,56
-249,-314
-284,343
452,331
248,-414
-315,-302
-151,324
54,408
21,-265
-34,48
271,-434
-106,-432
402,280
-303,-302
346,-107
439,62
-394,181
114,152
247,172
-480,288
195,-167
-123,385
418,-175
-217,357
-324,-264
-15,-362
497,-360
-215,311
52,-237
-93,-176
236,242
359,296
112,-83
-221,266
-115,-152
302,401
56,-204
-449,193
459,424
-244,167
-115,-125
333,182
489,448
-275,379
299,-463
-476,194
-367,111
321,-420
211,-352
-14,-311
-189,375
5,-136
231,496
-477,303
-39,-47
-361,294
93,-441
-186,-161
455,82
435,-396
-6,223
-491,119
-18,-456
-445,-399
448,-247
-76,307
-138,285
-330,-52
470,6
-337,379
-479,-110
-159,-440
430,332
-340,443
59,241
196,-248
-101,334
-500,461
116,-332
-266,-108
-37,196
-128,207
258,-51
-321,230
236,378
-282,495
62,-323
-261,152
236,-210
278,379
-300,-115
299,-26
84,352
-417,-485
-61,-431
-243,278
467,-340
-286,400
-422,108
-156,126
-429,423
462,498
-182,117
-184,-366
-259,-352
61,17
-415,-185
323,439
-116,361
53,312
-55,182
214,-142
-139,307
426,311
-336,-53
352,373
-27,448
470,-273
480,-254
339,-50
-74,97
85,266
197,-347
-176,128
-451,394
388,-376
-119,395
131,277
-82,447
-489,168
34,-297
-474,227
-419,202
-242,-52
-132,328
-50,113
15,-243
380,-19
-217,-63
468,116
490,319
59,149
-272,-298
-471,-93
363,-139
476,439
-477,104
-217,-469
-402,-206
-246,70
-237,127
-68,-474
-416,390
-54,180
278,104
365,-74
-455,-164
-358,414
418,-75
463,473
-152,449
-228,163
-407,-354
253,-385
401,59
-154,-158
-39,216
-445,492
-52,-113
-184,-450
-488,-435
-66,75
72,349
9,196
269,111
426,-189
193,-351
323,307
-450,-133
-433,218
-138,-430
-75,-128
487,435
-116,356
-191,-89
232,17
392,-286
-187,-496
-247,224
-53,-62
80,-145
354,-249
-488,-401
-329,-291
-194,301
138,210
-80,258
-480,-228
-55,431
252,-454
-308,-480
-410,353
205,157
101,-35
-276,96
-499,57
-298,-84
-52,473
205,-309
208,327
-91,-149
-60,437
-254,-178
465,-392
190,339
198,267
219,-379
197,-439
308,251
455,-284
46,-6
-330,-253
380,-490
-230,148
-120,207
435,-246
-42,484
-229,341
-288,224
-181,-226
-163,-424
454,32
-445,251
380,-77
-223,-361
-246,306
415,87
372,-18
38,196
349,345
-415,-417
-244,-437
-30,52
-218,-209
379,-463
-263,-67
-223,160
-443,329
213,-1
-387,-379
466,-335
130,-167
-98,217
-402,214
161,-243
-63,127
-60,-5
254,121
-385,444
236,-178
24,390
-305,326
166,127
478,419
197,-328
-20,121
-170,-318
425,-298
-238,242
-342,-228
180,478
-297,385
48,-215
287,-415
219,276
251,-471
435,-405
143,127
-366,-387
82,-165
365,-300
-299,-238
152,-457
-45,361
-143,31
-290,227
30,-500
96,441
28,14
-201,-186
345,-454
125,308
198,478
400,-257
143,-31
495,-184
-65,185
164,263
92,238
-103,381
401,-337
-479,-285
-461,303
-400,301
301,-361
-140,494
446,70
25,-5
-104,280
256,-132
-460,-491
160,82
-334,-360
344,-288
212,194
139,204
-98,-388
465,-451
435,-309
-300,-23
-42,-76
261,123
405,-147
295,-124
352,-341
239,234
132,293
323,-185
371,102
-143,-499
-438,215
-274,487
-54,-211
-155,-73
-139,384
203,-221
-297,479
233,158
-495,288
-139,-381
474,-262
460,162
-172,7
115,233
-340,-58
-476,-226
489,-260
222,406
402,493
-464,102
-52,-54
-454,-157
-311,296
114,394
-113,40
-222,395
-323,452
99,-425
230,117
232,-178
169,-44
-331,-453
292,-154
-110,-236
-153,438
-62,194
-403,192
109,-245
-173,18
404,-231
-401,395
440,-71
-452,146
444,267
92,179
23,-391
-350,78
-238,-281
-449,106
-240,229
148,136
309,-410
-66,-352
-139,-80
-500,-442
467,491
-201,297
204,77
-435,97
95,268
-8,-473
118,69
462,47
-238,-13
401,-50
-118,450
451,348
459,-478
48,-62
-441,-106
359,76
-289,360
149,-134
-183,345
90,144
209,-376
173,135
-206,375
-155,-481
-477,387
184,158
-365,-476
392,99
-349,199
160,-198
476,-449
-204,-10
-26,292
-471,-63
81,251
15,26
58,3
-471,465
-458,56
-18,-450
426,170
363,449
-80,-57
-408,-167
-192,-117
-372,-236
289,450
53,-147
27,-290
116,150
370,495
-309,230
-387,-104
-261,418
-431,487
-423,227
207,224
-12,369
-377,494
250,-6
-467,425
135,-412
234,-496
-420,-300
-337,-99
-196,-287
28,27
488,-342
382,292
240,-445
-33,442
-241,-187
210,-286
-48,105
-492,42
-419,-227
166,-226
-132,-123
307,-251
224,-73
-470,-67
-374,447
56,92
336,-327
-299,-392
-308,84
123,-55
-438,199
22,-298
206,106
154,467
440,10
293,200
-204,-353
271,-89
122,-92
-45,154
350,-306
194,196
395,437
303,39
357,93
-231,353
-182,480
-264,451
-186,218
-463,-454
42,-481
-98,-33
-315,-246
351,232
-230,49
154,-267
121,-274
133,417
462,-306
-223,272
355,-60
230,129
-204,156
473,-268
371,-434
118,339
441,-211
-348,-351
211,238
169,-302
77,-207
171,46
331,15
-452,121
-295,437
-144,479
-85,-163
-93,322
488,-108
267,-185
-10,-371
-445,-113
-160,-275
229,-258
-175,99
64,-156
267,-323
-436,-287
8,293
286,-473
414,-200
-384,408
-277,251
423,47
-18,-151
258,-475
56,12
495,-214
-489,-74
-185,337
-463,-241
-41,-488
-27,-341
491,50
-318,-206
-31,-337
243,340
-26,437
-319,-488
160,-390
5,-328
-149,-466
-392,-235
-378,175
256,461
209,52
375,-459
-112,47
384,139
-351,-243
112,41
291,221
242,-162
103,-372
440,69
-443,-10
375,-475
343,-332
466,-408
1,-433
90,-52
-457,-421
-144,93
-71,-177
144,409
107,-263
-16,361
338,-439
224,498
181,-146
-215,-474
-80,362
18,316
98,347
-358,352
-235,-369
-343,98
203,280
-292,172
-195,295
487,-66
159,-190
370,52
471,181
-205,-268
21,-175
344,103
414,-159
408,85
-186,-418
447,66
-110,46
-103,459
160,-181
496,-57
-361,-200
122,390
-339,28
425,195
240,-145
-270,187
130,46
265,-168
320,-100
-471,-176
108,-465
-187,-51
-107,-471
212,177
-201,-57
-216,13
319,-265
93,211
-117,454
-42,332
-294,162
-472,40
327,327
245,406
363,295
486,149
323,-281
89,187
313,-203
109,277
489,-220
-473,-321
-84,-486
172,408
-408,432
-46,-347
-375,-485
-194,-198
320,362
-457,-41
-356,99
152,280
-69,21
401,-264
-367,-46
-13,392
-476,-295
-305,231
-11,-336
-15,405
307,-263
303,-339
247,-274
435,-363
247,488
-218,28
404,-123
192,-108
339,329
-67,342
22,-47
79,273
3,27
-251,462
-305,471
370,-323
-439,-402
10,-271
-139,-332
39,-281
-469,-396
9,317
412,211
206,-498
204,-76
469,-485
108,-265
-335,193
-123,-276
198,-163
-295,290
-9,-283
140,-140
-196,480
-76,465
35,163
-124,-199
447,72
34,-133
-270,81
-111,-51
-316,-294
100,324
312,-22
29,244
-177,-377
317,157
-97,410
-9,488
-254,-353
7,381
-418,483
210,359
-208,441
295,-103
4,-24
324,-350
-371,-297
60,-405
369,82
-432,287
64,-427
-209,-299
-461,248
-175,43
-277,-372
148,208
436,2
179,138
-359,280
-234,-212
133,-183
194,278
306,228
-79,354
-185,-180
67,-454
288,256
0,188
-63,128
-89,-320
-302,-137
312,-424
238,449
66,327
-58,-148
-188,-289
-449,-253
407,146
297,431
498,-206
-432,-197
220,316
309,234
-310,103
411,323
-357,310
-69,-199
-108,6
-181,-390
97,-456
238,-417
-477,201
29,-266
314,245
-422,-29
63,-62
253,180
-489,254
-5,-472
-89,-500
-479,-476
223,493
-35,335
438,120
-73,430
205,379
142,73
94,-313
349,83
-400,-383
-139,154
166,-168
445,-379
85,-25
-309,-287
-193,-189
-447,449
-148,450
-35,-309
-407,357
230,75
149,63
-425,257
-161,333
373,-487
-392,-458
476,67
82,177
380,286
440,174
-49,-229
-344,115
-334,34
-495,311
316,376
478,149
377,383
-376,241
119,341
-31,193
-352,-113
-289,-437
-148,400
-103,-459
-313,491
-427,-370
104,292
-216,-462
-378,424
388,456
-475,-477
-341,-2
194,-7
438,-147
-214,-379
396,417
-227,462
-5,43
215,-208
259,49
-150,-389
-65,-472
-2,329
31,446
276,-354
334,-7
-225,269
201,153
36,-14
32,-31
-476,-188
335,-299
-426,242
-492,123
48,-276
-451,-99
99,-373
-162,441
126,-276
-246,-409
-237,434
295,-73
-176,108
481,415
-222,-68
-356,-293
265,-27
-161,411
-351,-234
-495,-109
-465,474
-53,87
142,300
433,30
208,220
315,-60
417,122
-494,-357
-189,357
-445,282
-1,96
105,477
262,-130
227,83
-112,262
-467,278
-312,458
-19,60
235,3
404,346
-129,90
-370,-402
95,223
336,198
377,377
68,269
389,-6
-412,260
-31,-419
-393,493
-99,99
406,-25
447,44
233,287
238,418
223,-92
190,-222
-347,-153
-96,233
124,180
-130,-459
133,131
483,175
-16,-405
263,163
-179,22
262,388
315,426
449,311
460,10
310,118
-298,328
-94,-219
29,-408
-93,-274
-205,-116
-62,-299
-430,100
-334,-62
-343,46
342,-390
-176,428
-303,266
447,-186
400,-57
407,151
-186,171
56,105
255,-127
206,-500
107,63
471,-115
347,93
-44,45
-348,-99
-393,382
-207,465
-495,474
-95,289
-423,490
-160,-471
55,-137
0,-166
99,339
-67,-461
343,-403
-109,-430
95,82
90,-200
-322,306
89,16
-239,240
480,206
378,-168
-351,-500
-219,-416
-28,446
-377,127
-124,464
-489,-241
-377,-489
441,157
-450,419
147,272
-311,152
114,290
488,-232
-38,187
83,-4
341,-186
-417,-83
-145,-116
34,94
-279,86
-50,496
-87,500
-289,311
445,-487
145,272
-444,417
-106,-474
227,255
460,262
-10,-53
84,-314
-68,310
-471,-285
303,-141
283,-229
-287,-184
158,241
90,-165
-216,316
421,-425
408,-253
-180,-36
355,301
-191,340
-171,-373
386,386
-251,157
258,186
-391,-75
-145,-498
398,427
-132,147
491,132
346,447
218,-351
82,-80
173,-303
102,46
321,-266
-438,212
-207,-459
-70,81
-429,74
424,-45
-28,43
-104,150
335,-358
151,-165
-204,448
-177,153
-240,240
-441,459
265,-420
206,96
77,-259
-468,65
-500,163
-270,85
-71,244
338,-227
-276,144
-370,484
160,-423
475,30
187,91
191,-484
-349,292
199,453
237,51
-264,16
67,-51
300,377
-364,33
309,454
431,444
375,234
274,54
-45,229
336,308
490,318
473,172
-476,429
209,295
-159,150
-25,-197
348,-125
485,-7
170,252
-314,163
-96,-63
-178,159
-304,-235
123,8
13,-190
-93,21
-425,418
221,-28
379,62
-375,162
-439,-281
-374,-352
-256,287
-243,-172
180,191
-46,99
-352,-317
-17,84
-257,69
394,221
-230,287
134,-327
-98,-475
-262,-374
190,297
163,310
-180,68
34,-83
100,-440
59,470
-137,178
-103,-236
-377,-216
145,303
-361,300
447,88
170,-442
316,-351
-425,-221
-4,-388
-411,172
74,439
-300,72
-291,313
-219,57
-425,485
439,171
163,-302
296,166
-158,449
80,-471
416,91
183,-411
-345,-444
289,-376
-91,405
-425,68
-77,98
436,-291
-387,-351
-287,306
-106,57
-201,430
-301,-403
327,138
284,395
66,366
-110,-466
191,-114
-248,-484
-284,379
-73,-119
-384,135
321,-370
360,85
-334,-337
280,-273
-110,-338
444,-114
375,-138
-104,483
194,-276
258,198
-75,-272
425,-17
-161,-462
-62,383
-179,364
-264,-1
-52,-452
88,193
406,-292
-381,91
-247,-392
432,206
500,102
-293,-274
29,67
240,222
139,275
-466,-443
296,189
183,-256
252,359
129,-304
-417,15
-314,92
300,494
-383,-378
-74,-330
237,-16
358,93
-57,-317
-256,147
219,310
-253,-407
-233,398
435,-350
-321,-389
-137,-183
108,-229
426,115
418,371
-478,-228
231,254
-296,-284
6,-192
-200,371
485,169
101,-371
-379,104
-163,-462
-31,-137
-197,88
-246,56
-328,-224
-202,499
150,220
144,-361
-431,-376
-181,57
-345,153
-45,-177
-7,-64
78,-469
-145,-160
-151,-147
52,-41
-465,-86
486,-270
270,226
388,-168
198,-326
77,-422
-404,-304
-359,21
-211,-331
155,0
-244,-312
472,369
414,151
-87,388
110,-253
-40,454
283,33
21,-39
291,13
223,-395
182,-219
254,-17
-234,396
321,-483
-383,479
263,160
368,-209
-463,18
31,-427
-288,-392
161,216
-336,237
-212,-376
56,227
-211,-311
31,-375
485,-265
427,-75
332,-73
60,91
-130,423
-374,-446
-79,184
-185,465
-95,-72
347,-189
177,-93
-153,-365
-145,211
-234,471
114,-7
103,-18
361,-163
39,342
-435,-441
-408,453
-293,455
478,178
-172,-25
102,277
425,61
220,98
-395,250
-340,223
47,-196
-258,-18
245,327
433,-46
315,-20
55,-488
-323,-493
-119,-80
-95,-270
-51,219
-315,488
318,56
-483,22
376,101
154,-469
-378,349
-51,400
-119,195
-128,-404
-417,145
-407,81
244,461
-88,101
385,-431
-44,115
195,-80
367,260
435,136
-207,-188
478,-455
314,74
-18,-81
-329,156
-419,-263
436,-481
155,88
-151,454
-147,479
427,-62
275,-216
-248,431
493,-42
-18,-246
-167,302
-444,-394
155,451
20,93
59,-480
465,318
420,392
402,299
110,274
334,239
484,123
-151,-216
58,111
230,113
-190,416
429,-374
-153,-264
211,395
426,201
326,-277
322,-437
-313,-70
-442,323
-248,467
404,37
-352,-307
108,447
-478,-59
227,5
432,315
-83,-64
253,-410
397,230
315,56
423,126
-61,-428
-78,35
-492,-116
392,362
456,393
-486,395
-400,-375
367,162
-78,-242
-472,216
292,-376
-359,275
355,-392
312,-426
-476,365
341,-354
110,-285
-372,-267
-421,328
-223,490
51,222
-392,-262
281,422
433,-278
212,342
-326,327
-445,-30
221,-337
-421,-156
199,-363
433,-255
-145,63
-478,18
475,393
125,-23
185,-366
385,-487
470,-191
-108,481
273,2
-388,-310
-393,-187
432,426
-108,-371
213,1
-395,-133
17,-113
210,99
-237,20
-389,-114
407,-346
-30,47
247,-311
219,125
66,492
-357,-302
-68,-129
-168,-95
161,-220
-94,187
28,-310
80,-235
479,160
-426,220
127,-63
467,-36
-254,-166
-28,129
-86,152
364,313
146,-82
-185,81
77,343
394,-479
63,146
79,-402
297,-218
-91,-224
108,-416
47,-168
87,-401
-478,429
-108,-428
195,359
-125,-35
-176,421
-219,51
229,-259
-38,-281
-445,-145
-494,479
-185,412
127,482
469,474
317,91
441,-10
-488,435
320,-24
29,182
342,-346
463,169
-147,-109
72,310
-400,-57
-33,306
256,202
-93,-103
-291,287
-86,-22
-27,122
30,215
-408,43
340,317
-32,410
69,151
50,248
47,365
-70,95
-74,266
468,235
388,-227
-227,122
-321,434
-400,-245
-321,-192
338,-226
-191,-377
-267,286
-232,422
27,-483
-461,-20
-467,412
-199,-239
362,374
73,-463
-338,224
-43,-139
387,383
276,-78
-250,-466
153,-335
-474,-203
-87,416
-324,-462
162,22
-236,-220
-413,-73
-444,368
-144,-432
-145,-252
437,-72
-153,-228
236,177
384,219
-181,379
-448,-431
319,214
261,-447
-110,303
-151,63
-248,-438
276,480
-179,-291
-500,303
70,321
-327,-320
339,475
-297,495
-277,-418
-34,-63
131,61
454,63
-6,-136
-121,-25
203,255
321,-73
-485,274
-41,360
231,288
-491,-147
233,-172
-359,438
-471,-156
-86,159
83,-68
-87,3
-322,147
229,-285
-248,-212
280,18
169,-300
99,118
-4,318
-65,-93
77,378
-214,373
2,-284
-335,280
327,349
-242,-212
272,-127
-496,485
-331,-412
-344,448
-197,-454
92,-250
386,-129
471,-352
125,-319
136,-378
-476,-273
-441,204
487,197
420,-411
237,-467
-216,413
-141,-475
-294,-389
-95,396
196,233
-145,-363
-408,-269
164,186
-122,-366
-22,37
-246,-371
-426,-61
60,168
-359,79
-163,-124
-147,472
-200,198
-87,-348
471,-165
206,-444
60,-186
-352,-411
383,-41
-37,-387
306,139
420,-178
465,396
-289,336
-302,218
217,376
-233,-486
185,304
-386,407
-493,-136
50,362
81,352
-109,-383
-472,306
371,-499
-497,180
-371,280
431,290
-59,390
-127,22
-120,-286
415,-63
-35,-428
-36,-80
277,203
-151,295
83,426
-385,112
467,136
117,286
481,303
131,137
-268,176
-209,-15
-75,365
10,28
-195,288
257,481
-283,143
329,-451
283,342
429,-439
340,98
-77,264
476,-165
299,159
-301,-30
-342,466
350,499
-184,-258
-259,273
274,3
293,-120
406,294
217,229
379,12
-91,-116
279,33
-114,463
-335,-294
-357,-132
-361,-6
-417,-71
475,-2
239,397
26,320
269,-10
190,131
348,-393
187,267
-428,-45
299,-30
-295,-262
113,-369
-479,-258
461,-212
-4,500
314,-273
349,-160
217,-57
-265,-91
-103,62
-293,-492
-412,245
493,-467
283,203
96,358
228,-85
-453,-233
347,-47
-124,484
-62,471
-14,-328
-238,349
-358,-256
-371,412
98,-326
-1,308
-60,-249
-353,-78
-397,298
180,214
-6,116
-185,-407
450,-496
31,-304
-276,37
-216,-1
264,391
126,-474
268,450
-468,388
36,500
497,390
-361,-407
-251,348
-125,-14
-370,352
-422,16
427,-196
376,108
431,465
-367,434
-9,-211
378,-76
115,437
-261,-304
-269,82
-491,429
290,-109
-335,-2
401,-18
-61,-280
-342,-482
-413,-50
-118,497
-484,-30
-80,349
-234,-337
446,385
211,-216
407,171
-54,50
-253,-270
169,-107
-408,-293
-7,82
-474,-126
40,443
-234,-341
320,357
-419,338
-448,-31
80,111
52,-118
-161,-238
-491,161
22,137
-253,-176
276,291
309,-88
-216,-330
14,227
97,87
81,64
435,160
466,437
156,-212
131,186
254,172
-278,-118
212,253
360,215
8,361
-305,411
-345,72
-220,-488
-28,106
171,290
286,120
-312,-202
-144,441
-104,404
-222,-396
-217,-56
-295,-395
-218,244
-277,156
312,-276
-258,364
-390,110
-247,296
-164,320
262,-291
448,-61
-295,-87
-25,-481
-376,-270
-156,-357
-348,174
176,159
182,446
475,-435
335,-318
390,276
-225,-326
77,401
253,376
-27,16
-207,435
465,-462
232,42
454,-380
110,14
-108,-30
466,487
-341,255
-116,-464
-140,24
37,142
242,414
-221,-456
-193,-468
146,439
-418,-108
-456,426
120,118
-173,-242
-309,-366
26,-433
-327,-412
139,-249
-461,-63
-413,-241
282,336
429,142
165,-40
28,-427
-8,-259
291,178
368,-184
321,-142
250,-58
266,402
-175,495
-257,-499
-324,-187
-451,-363
-143,-56
93,40
187,-309
-466,178
111,-330
-413,-306
243,-317
93,-357
182,-2
485,-51
404,331
484,-211
-428,-19
259,406
395,-325
-96,-424
-465,167
368,-227
473,227
135,345
385,373
-201,398
28,-203
-139,21
149,400
-78,368
291,479
-306,-395
-468,-190
-273,-451
290,-76
129,-452
207,-416
-56,-473
472,-110
-217,60
-335,407
286,300
-385,283
-279,378
-387,345
-304,-9
115,-311
136,-69
220,110
369,318
-289,405
245,129
339,210
333,-122
-139,158
106,-237
-222,317
-395,-484
-494,255
355,301
184,-174
235,229
-236,464
369,-15
290,-247
454,-180
147,433
180,115
-400,314
430,-432
266,341
25,-412
-26,-468
317,209
-331,138
117,110
-232,322
-424,193
18,272
-26,131
145,-443
-449,-380
270,-372
-410,50
-127,218
-273,392
-318,134
-321,-83
182,298
322,144
210,-413
114,-418
113,-283
463,-350
-277,-451
393,-441
-420,-137
-188,488
125,-80
492,-28
-408,-384
3,-268
-400,-5
457,103
-34,-4
180,286
305,280
-84,-26
-101,304
-12,411
-260,-244
-294,136
390,-346
17,0
-477,-90
208,-5
-165,-387
200,345
429,-423
463,407
-192,-261
391,197
-486,95
309,-52
302,327
109,-114
251,-201
430,232
342,-375
-354,357
-445,-110
-471,244
157,209
186,469
-12,498
107,210
-31,290
-67,-260
80,295
124,-181
232,73
0,425
356,-388
-343,444
-26,-107
-320,-77
-184,377
-84,-406
213,-474
-391,289
111,-17
-260,80
54,308
20,181
403,-36
-470,-243
-449,-46
-29,-2
278,105
408,258
283,413
-32,40
313,13
267,392
-142,-125
250,272
385,110
-325,189
-259,325
-206,-24
-452,-249
-144,-50
124,207
-350,-490
185,375
86,-3
90,108
398,264
339,-399
146,-25
496,84
179,1
97,314
491,-247
-138,-138
-115,-386
121,-208
110,-141
448,-111
-244,-364
-178,226
387,-336
-487,-219
-70,243
-482,478
-396,18
80,-27
-36,446
-30,-474
350,397
-130,-120
-122,-90
-207,-53
-15,11
63,207
169,-383
-160,-318
303,-39
56,433
-207,-7
7,-223
-202,128
484,-194
46,170
-300,124
-270,21
45,476
-380,242
-177,480
438,230
223,19
-282,11
-365,-146
180,-64
-311,151
-327,-253
31,136
378,157
282,297
188,368
418,-316
-360,-287
364,-164
227,401
477,479
248,72
29,235
-121,-343
-306,-107
321,-252
-185,49
304,109
-325,-283
-125,372
384,425
332,452
-324,-45
387,-149
241,73
279,285
244,-145
-457,-247
-316,411
-411,340
236,386
-126,8
-482,-132
-472,437
398,-78
135,-309
-191,-375
350,133
-494,-225
412,-127
-237,99
-147,-391
89,34
-364,-184
-172,44
402,-293
60,-473
-464,36
223,27
-17,-106
147,62
382,-500
163,157
235,137
-211,435
452,-63
468,-380
4,-312
370,-420
372,-126
-339,-143
421,-494
342,451
-187,330
-475,404
-295,-180
238,347
-257,-388
-462,-2
93,238
-147,376
316,-430
106,-74
56,77
86,6
-319,-308
80,-105
348,28
210,461
-499,-309
-87,-158
-222,163
-251,-152
-86,165
-12,181
59,-214
129,192
-44,-379
-191,-92
-114,-493
474,-190
246,228
-299,-28
-500,-307
-329,283
-435,62
210,471
152,491
101,-465
417,-491
189,-430
216,-323
-442,289
-499,500
-441,397
441,212
216,286
-358,81
-2,-103
396,-12
-137,-398
96,152
313,473
102,-443
132,309
-354,-34
-386,9
199,-254
-129,452
483,-303
185,14
105,154
198,30
-469,56
-435,-77
444,-290
-453,100
414,297
-209,-36
54,264
201,122
-50,-76
415,-344
-193,-183
-232,-202
-414,-336
426,146
-137,-238
184,19
486,-336
-378,293
-354,-299
332,-169
122,162
69,-221
-136,-50
316,-117
257,23
270,12
-295,-362
430,-207
91,218
294,348
89,-215
30,-56
-375,378
95,-84
-288,220
281,349
490,148
-344,-129
357,-336
-285,-160
-163,118
283,34
-176,-248
380,9
258,-326
268,-256
63,-200
173,292
426,-175
233,-462
-285,-49
69,305
-373,295
-445,-369
-55,-297
-469,-458
405,-434
-111,-59
138,156
217,108
-344,-395
-404,152
183,-402
-223,349
21,-241
257,-420
-478,-266
-417,370
-316,-136
361,337
-145,-444
285,-294
-377,-246
335,-104
-28,124
-177,-359
157,-232
188,-453
39,-291
87,-208
43,-58
-409,-393
335,257
-236,491
57,-498
423,-472
45,-136
151,-199
155,-219
411,121
334,52
-187,-254
440,423
-277,352
-234,-292
-292,-434
-267,-446
-26,-222
24,128
-483,-391
143,115
280,-204
-183,-303
360,-217
206,90
80,99
-290,-45
-243,59
-173,449
407,439
-6,236
432,-127
-441,-72
53,-365
27,-162
460,-302
-135,468
310,-495
40,53
-296,-310
-114,163
-331,-135
50,273
295,122
402,435
6,-191
395,-351
305,-186
268,-492
-242,-175
-274,-384
-125,-273
-24,75
173,226
223,-20
476,-79
-251,195
-7,36
-34,69
-196,-31
-498,-175
-384,-445
47,-38
-314,-388
308,334
-473,-195
196,205
207,-423
-204,409
-425,30
165,-349
-177,-144
-8,-451
-199,-66
-180,-396
400,405
146,-290
-455,410
-255,-253
-188,-266
315,-2
-327,489
-345,-265
-168,190
20,-347
-338,201
-381,351
21,172
-73,234
364,-449
-160,345
-199,500
366,-64
-459,306
-356,-269
467,-52
-135,331
-346,-37
-102,-250
-151,-371
-9,-387
-291,-60
-126,113
-408,305
494,-158
-493,-427
-90,-28
452,-81
102,-355
302,315
-286,461
-487,-19
62,-149
347,-77
-400,-194
-429,128
342,341
-263,-103
-468,364
270,-354
27,293
232,371
-281,-67
-8,-173
397,-379
485,241
-345,-9
6,-112
-11,-88
-499,465
54,-243
259,339
-67,280
-453,-259
147,-135
-402,15
-219,-403
167,381
229,374
-161,-425
-392,-29
-211,306
-403,-81
-193,128
463,148
-67,124
83,413
133,220
-36,41
484,34
382,403
491,-349
-4,38
279,10
-79,-90
-442,399
-427,-139
-497,357
-405,-463
-42,266
-104,-47
-301,25
417,282
-146,370
397,-125
64,370
261,-348
79,-433
-206,303
-407,-318
-130,-362
493,-200
-251,121
-237,208
-269,-160
-479,316
155,73
292,-391
437,-26
265,188
-23,-321
370,303
-107,420
146,91
212,-71
-234,-238
-73,-344
-272,-303
-25,-407
-94,349
107,-217
72,-499
63,393
130,50
-368,-179
144,-224
347,226
148,356
425,362
412,-318
-402,-137
-421,-428
-396,-392
414,-306
381,-185
295,-346
245,188
354,389
-476,31
400,-82
-208,49
-260,35
21,293
-25,-467
-126,362
163,-210
282,295
-414,456
-314,-266
-146,292
196,-298
276,-12
175,-84
381,142
-12,-131
471,460
-13,173
218,-97
151,152
-339,-44
-142,414
347,-380
256,284
258,-44
184,136
-419,-330
373,-402
372,159
-2,-302
-47,175
-136,454
-249,-137
296,-329
72,-32
44,295
-432,-409
-165,292
-312,385
-102,-96
171,373
-126,-126
308,335
-148,-40
-237,-200
-273,480
-175,93
88,24
-405,98
-437,53
388,244
485,-210
-154,-286
-286,468
-429,-84
70,-217
464,-382
-77,-351
-465,341
119,182
232,-133
486,-482
397,-386
-154,345
231,95
4,83
-127,405
288,-50
-231,-266
359,-445
-78,126
275,-266
26,-27
286,-86
306,174
15,188
-155,202
-378,-297
-365,-19
-91,258
-339,-196
-348,398
-96,498
270,-143
481,-437
-235,355
416,-52
-254,419
-14,-79
493,-291
-33,-455
-159,187
-395,-245
-404,164
-324,469
-385,-102
-470,-72
430,-52
475,-346
-220,-442
-384,116
73,-130
-177,-391
-462,-434
-41,399
-171,404
-407,40
-479,214
436,330
439,-251
455,396
-421,421
-365,-408
-489,200
60,-82
315,401
-18,-338
-150,379
-209,388
424,306
-462,232
-264,-492
267,-60
246,-26
-198,95
178,22
-83,-196
58,-429
-294,-172
-303,163
267,127
-159,-344
428,-8
-353,327
197,-95
105,-355
350,17
247,421
423,296
-175,-118
-186,57
-384,79
-58,-147
202,-116
-99,11
342,-264
-344,221
213,-54
-271,357
-322,-180
134,-423
382,-316
372,-205
-311,-273
-145,69
-283,-423
-169,371
-265,463
477,-74
-414,-252
-77,-279
-111,126
96,-159
199,-61
-410,-142
-494,156
231,-492
422,123
198,-282
-75,-203
-129,255
140,9
22,45
299,148
10,353
104,408
180,278
143,5
481,-6
240,320
383,246
-196,438
262,-28
-33,484
-298,491
-118,-402
183,472
420,-63
402,413
60,-219
-349,472
-14,497
-405,422
422,-346
-125,0
198,397
266,89
-283,214
158,-164
214,-135
372,-2
316,-209
258,-65
-385,-363
-38,217
24,-325
203,-286
98,-13
-277,70
161,281
171,-210
-481,-266
445,-400
-60,38
199,-350
453,433
-165,-329
337,-401
337,382
173,-203
446,155
437,497
-341,254
-206,-273
-242,93
405,387
-317,-438
-490,-196
-235,108
53,-216
-79,-368
-301,-370
-383,-363
-482,-14
-97,187
-146,268
-240,-383
373,-8
-59,-317
-410,212
355,231
-460,432
372,306
122,-97
-488,-243
-209,473
-171,212
-237,-482
359,-177
-404,-355
-170,-251
-165,30
-11,256
256,179
488,376
-263,475
183,161
-277,223
-426,256
114,360
207,-101
-77,-273
322,72
255,-192
194,244
411,-71
498,-211
27,448
-381,-322
402,93
221,174
-170,224
-334,-77
291,452
304,-296
451,409
89,201
-115,436
248,-5
-488,434
-474,-367
450,18
-99,-183
302,56
-496,114
4,208
-112,-97
-343,-408
-234,-39
-332,276
487,358
256,149
243,-314
309,-74
90,52
242,299
405,404
-190,-34
-94,-69
-471,24
115,-240
-172,-216
109,0
258,490
398,-323
119,-8
82,-402
144,-347
-111,220
-192,244
252,-396
-144,-357
-84,165
-69,-342
-8,-182
-469,-79
-247,-399
102,-371
488,139
82,401
61,-287
-280,-233
-41,344
200,112
-462,57
88,-499
368,-377
439,476
-40,-364
-146,182
104,415
-254,388
38,-294
-151,375
406,-7
453,-172
-80,163
353,-6
256,-181
3,185
-432,23
-44,-15
164,-272
-495,-136
89,-471
152,-105
-287,-488
61,-268
-111,89
-40,411
138,474
-356,449
-316,391
-463,-406
-55,415
-20,414
421,77
194,-486
-89,262
-176,12
59,49
-491,-325
-490,-461
127,-54
20,458
-430,-17
196,466
-22,-476
-351,-10
331,-58
318,254
491,88
432,481
40,-379
-466,-145
462,-5
-405,394
174,-44
-315,-20
434,412
-257,-174
435,-10
-270,367
-317,-363
-475,139
210,185
1,206
2,455
382,467
-267,142
-353,-224
-214,-140
410,4
473,332
-295,-429
375,-198
-354,-17
155,24
-353,74
-330,149
196,488
317,-218
229,-162
484,89
42,-484
-119,363
-480,-150
-67,-448
79,-349
-415,70
-87,172
150,21
-440,455
132,118
245,372
-402,236
-239,6
-293,427
243,267
314,19
29,-427
378,149
-288,-458
321,474
287,-7
458,77
-353,384
-86,-125
-137,103
-122,-143
216,-296
-93,-274
-366,358
-304,85
-220,-168
299,-424
41,298
-320,202
267,54
-495,418
224,69
-445,341
378,414
438,443
462,-424
-413,-143
473,-145
-460,272
215,312
-108,-235
32,-202
-426,-203
302,283
383,119
386,-296
105,-174
-84,-315
199,-165
462,22
231,-325
-367,-470
293,-72
-341,428
130,-483
-257,-261
-34,-158
-305,-151
-85,-341
-267,278
-368,-224
299,389
-47,229
40,-279
-433,484
-21,-1
-383,-187
53,-51
17,-94
226,-252
330,-381
375,142
-486,-439
357,-330
459,229
-220,9
487,249
-321,-80
335,-439
-493,489
-401,-294
277,-294
-443,-18
-53,-283
424,236
194,-167
-327,-150
-85,-473
-183,-432
-124,460
7,363
262,398
-389,141
-2,404
371,360
-139,340
-71,-379
35,-332
420,-7
-194,-287
-204,-185
-364,92
-90,450
76,-76
45,81
-27,458
279,350
-256,426
88,211
131,114
19,331
278,188
-126,358
288,-68
428,257
-363,175
242,285
63,-1
-479,-426
267,-421
297,297
111,-436
201,233
394,-402
-234,-142
-243,499
400,-203
483,53
7,-220
258,-422
354,-405
-473,248
-69,-488
326,302
-382,413
-54,395
-178,-186
-227,-167
-312,109
-255,-183
267,-53
419,-292
314,-248
280,50
-313,-387
-122,-143
-368,69
-99,493
-382,31
-67,238
136,144
-109,353
-265,153
386,-129
-334,131
433,90
150,466
-299,474
492,-118
-220,-195
-90,-255
65,142
-54,-440
-418,84
306,-22
122,238
-443,162
47,195
-425,19
237,462
441,127
-439,-412
343,-356
-160,-236
-318,-309
-428,151
424,136
499,382
299,104
-400,-436
284,-76
13,76
81,222
-233,-219
-301,-292
-395,-72
446,448
-358,29
-60,-85
497,363
-241,-87
-76,144
-335,397
-104,60
-101,-148
153,213
359,57
238,455
20,335
-48,-55
-371,-463
-134,-10
-193,459
-98,-496
-50,106
-454,362
423,-92
-411,-307
267,-470
476,322
220,-456
-189,146
-362,6
-281,245
-395,-359
145,-55
413,-116
-481,49
-453,-209
188,453
-121,-206
-232,446
-462,247
-318,192
-166,-468
183,53
297,227
-189,320
269,-121
-193,273
160,-315
-8,314
-329,362
243,-491
-83,-286
387,-67
-140,346
-316,205
200,-243
488,-256
-58,-310
-481,-353
-336,-280
246,-154
-450,397
285,194
-323,-143
-207,-399
116,217
-156,442
-205,108
-199,-49
201,-253
96,87
97,81
221,-296
-392,222
141,235
-343,-281
483,13
339,-267
-498,317
431,103
-169,-184
-445,-403
-314,-333
300,-228
76,408
-429,-227
-49,408
-77,56
-480,230
-47,-164
-214,458
126,98
88,11
-478,420
-492,435
-242,-177
318,-194
-476,284
-261,340
458,303
455,-490
386,-166
-478,-43
-438,433
161,-107
240,403
470,41
-88,313
447,494
453,-278
-369,-34
80,-169
-179,-194
-25,-145
40,-282
-156,-195
143,-307
285,-228
74,-267
-476,120
-2,-49
187,-200
289,150
89,175
-270,183
317,-433
-391,-370
-454,-61
-62,191
312,124
329,276
146,-168
299,-331
13,-225
-313,-299
-215,38
-195,366
-82,-144
-492,-99
-180,-183
-359,1
-191,371
-133,182
-185,-256
-109,-2
210,-231
-263,72
304,169
-137,279
217,-12
-459,177
-317,-439
-72,281
38,154
214,-68
433,484
195,-479
85,-26
-211,-280
-120,469
-27,95
-16,108
-226,142
454,-212
-134,-447
120,421
-323,65
258,-295
-371,215
-473,20
80,-146
194,-110
-192,-123
-302,332
-60,-46
7,-439
207,157
244,34
335,-120
407,156
-32,242
-350,-59
-28,-3
389,-151
-370,-476
-165,-275
-330,-407
-309,310
28,-16
-263,14
54,-481
431,385
419,-71
-206,-23
388,59
-491,-337
285,334
232,-32
291,-45
-254,-274
-480,474
174,101
-225,79
244,70
-291,-92
-76,-298
-79,488
-490,44
308,149
-2,454
53,78
118,-451
326,-307
-212,350
188,142
32,-472
427,115
216,-396
-293,472
-213,-457
415,71
-172,-59
-359,-112
-477,-1
90,-40
266,102
128,265
324,325
397,432
-136,343
17,263
480,-140
246,-257
-436,217
80,470
-291,-171
34,-325
479,73
481,-476
56,-42
320,-83
-348,418
-143,-116
-69,84
193,-27
-419,453
-489,121
-318,-289
-362,97
-457,-358
-399,-8
377,438
170,56
463,-319
230,-150
208,301
-199,395
74,-294
-89,-381
357,-245
-242,351
-136,-92
-104,231
-213,262
-55,346
52,62
-110,-86
-393,-113
337,453
-438,-419
113,268
251,208
172,473
426,481
328,-324
71,-456
-376,-266
-154,53
-362,143
-382,-344
-209,-413
-396,-2
118,-404
143,0
438,296
106,-500
119,245
-219,-26
302,-302
-54,-393
-203,180
352,142
38,338
401,39
-336,-194
-96,-94
-132,42
-233,-458
-486,-155
391,-8
354,-352
-203,396
13,121
198,68
311,-189
-296,-300
-38,314
459,85
-481,85
-413,-430
237,189
-139,-422
-67,-496
122,-118
391,-354
94,272
-282,-467
199,-144
172,205
355,185
108,-291
-249,483
-238,341
-400,143
479,350
-206,245
310,43
-286,497
248,-384
-56,342
-156,237
296,262
276,-69
-289,22
-487,193
75,476
-230,-364
-407,88
-428,338
251,-316
18,406
228,-205
-243,221
-94,400
248,109
181,-139
347,-217
167,195
-396,145
241,-327
-438,-361
139,-372
99,98
-135,-85
-140,187
-495,175
255,-112
437,-305
-281,479
101,-176
-278,66
-206,13
-492,1
-247,-134
398,40
-210,-496
298,11
94,-160
36,464
-205,-424
-226,157
282,-251
166,374
431,347
-288,-320
213,-99
-414,490
-138,-69
-39,-448
191,69
417,412
152,-352
-232,192
-194,364
-353,395
180,-249
455,454
-335,16
301,229
-274,88
200,-353
-284,-182
228,217
260,-401
-89,393
-379,240
322,-473
-113,459
-143,139
-79,-285
-144,202
-26,-433
109,113
-164,205
463,-66
-429,-459
453,199
-433,407
-200,30
314,218
468,-138
-310,-118
-425,-438
405,-492
-408,-390
-17,-230
-452,-331
-142,-84
382,-177
280,412
162,213
-470,-229
-444,-29
-7,-206
462,476
145,-234
-476,235
451,191
40,257
-425,-313
309,-500
-37,111
319,-493
-19,-62
415,-492
70,-133
-3,88
105,202
82,150
-500,-310
-262,-382
-186,-441
-23,48
247,-193
296,360
354,-370
82,97
375,117
-80,-171
429,-75
-256,176
201,317
58,216
8,-451
118,89
-119,-470
331,-134
228,-480
-500,69
71,150
-397,-173
207,83
475,-39
203,466
-244,-236
124,-78
-43,99
364,-49
456,134
-98,-25
84,337
-231,-43
-390,-366
-475,171
-158,232
206,-261
-49,-344
93,-397
-373,70
-317,194
-255,372
-145,-185
-308,451
-334,-194
-190,339
325,407
311,403
378,-422
-11,301
216,51
-459,144
-69,70
-309,36
48,10
373,52
86,-71
-11,-5
253,-229
354,260
-378,294
11,-413
-343,84
-359,133
121,37
-214,-149
-464,-238
309,-370
469,48
-486,251
367,-285
-81,-269
23,342
105,-498
267,161
-343,-443
54,-475
453,-360
-176,193
438,47
-416,-428
225,-306
-308,266
-42,-270
71,-329
268,335
379,399
-400,331
37,486
-86,-419
195,-429
-129,-314
-449,-468
-64,-269
430,448
-424,-397
-215,77
459,232
-490,250
222,367
-472,22
-483,455
390,446
158,-346
442,-184
223,-428
-363,375
43,333
-72,-441
-262,484
125,212
259,66
250,248
353,-213
111,-367
302,386
-462,-111
-419,278
-71,319
-282,-337
-271,-233
-42,397
-348,476
-460,-97
30,174
500,-214
-171,-460
458,-138
264,-221
-230,-348
487,-55
451,-68
-72,-289
134,403
377,-444
494,466
-470,-112
-291,-350
433,-341
406,-273
384,316
-325,-150
299,273
-476,-407
477,398
485,-45
-133,-85
448,-273
-326,-63
458,-279
193,256
489,-339
266,395
371,497
-337,397
288,-266
288,-353
-301,-119
-318,-98
-159,-434
-212,247
-259,150
363,-348
-210,481
389,-72
94,-478
78,-76
479,-48
-78,24
167,-456
431,-177
278,48
-115,102
-10,-481
444,-322
-387,-478
384,336
-403,330
-191,114
109,-304
-321,-107
-352,-343
-254,-45
428,-177
-306,368
-142,-322
57,49
493,-105
451,222
339,345
121,443
160,-423
315,365
-458,-269
281,425
-150,-134
289,-297
-226,350
62,-313
36,38
-418,-360
-59,29
-59,98
-22,126
363,212
55,-433
-65,-60
-467,-243
214,256
-142,496
-410,343
-159,-61
101,39
-407,429
-45,-275
193,425
238,21
-275,287
-215,-162
236,-159
-62,154
409,176
-276,453
-460,452
-332,-117
-243,-313
273,158
246,-423
-299,461
209,93
150,365
-463,-155
-450,366
300,-11
-364,215
-83,-1
-292,-298
43,-14
449,185
449,-476
9,-279
-166,153
-439,-339
-362,-454
-442,402
493,-248
458,473
-182,-230
-486,-268
91,200
152,-271
-449,79
330,132
211,-319
249,-272
65,429
430,-485
-279,75
-95,-203
-5,236
-430,131
-271,458
-128,-314
-284,36
-462,-271
-4,443
-44,-281
166,-56
-203,-475
447,-428
67,-229
133,195
31,-464
403,-464
413,135
50,449
-118,397
-437,-42
-52,357
-473,-219
-322,-388
470,182
328,342
-418,-192
103,36
-303,483
-180,285
429,-222
-363,-195
-459,-149
320,139
493,290
218,-300
-158,88
-354,462
-440,-132
-209,224
43,-469
302,-430
206,23
-103,-239
160,-238
-166,-208
-437,476
-269,112
-187,-434
-45,-268
15,472
-442,185
-441,-302
224,-302
-238,400
-464,-114
-384,-151
378,290
201,-49
-383,353
59,272
-242,-305
436,470
147,-371
-313,-477
91,386
-22,-122
358,166
489,-104
0,-40
182,-366
-446,-458
-425,-388
134,-393
384,122
-445,-44
-290,469
219,332
327,-267
-458,-249
230,-496
418,440
-288,-30
-63,35
-112,-473
-390,-281
343,-170
336,243
209,393
-103,361
-499,-162
158,-215
263,-288
194,-323
-291,426
-254,276
-337,472
-58,-188
303,369
-431,-386
-282,-470
-173,-484
156,382
224,416
371,350
-341,-50
-135,476
-373,447
353,359
440,93
105,120
122,-304
167,242
-360,283
-382,208
-40,241
-12,-467
-313,448
-339,292
311,179
-133,459
170,416
-272,375
-102,-491
-495,-438
205,334
-444,379
-388,-182
161,-298
31,492
-312,79
-492,-203
-65,-293
7,-151
-480,448
-231,-499
-402,190
-360,167
-467,-112
-238,-123
11,430
-173,-473
333,408
-260,153
456,-480
34,248
-44,246
336,-55
-247,-188
23,-357
-207,302
-146,218
-36,-445
347,-304
403,273
-179,117
478,370
436,214
-460,137
-364,-301
433,339
-423,-264
269,219
-330,-75
-246,326
374,137
194,359
156,-165
412,58
-29,-253
-400,180
-113,-74
-145,-202
162,-97
-340,422
353,-166
359,359
-55,155
-280,-343
439,-202
88,-297
-204,-407
-456,-103
368,341
-203,-431
-328,-235
-6,293
-265,464
-448,-385
475,436
-373,-246
336,358
-198,-24
135,166
-284,-174
-337,-341
-410,183
14,197
-499,-464
378,-349
127,-42
-41,449
-420,-43
-458,352
-355,444
-433,-212
-343,-239
328,-41
-4,389
479,53
-101,-258
-223,-290
-147,-234
-232,-154
-62,-299
-345,-197
-174,424
-363,47
-352,-61
499,65
-398,-382
319,-78
-38,12
-356,33
484,-492
-186,361
-85,-376
-174,237
172,-454
-270,-36
418,-125
-105,163
216,-275
263,-275
178,-341
-345,-261
-37,159
-411,413
77,-22
-21,-277
-331,33
-282,281
-472,81
309,80
-237,-119
-401,338
436,41
483,-160
64,182
350,-89
-238,-401
40,-329
477,350
-436,18
484,134
497,-242
137,213
-389,-230
213,88
339,7
-121,444
-229,-61
427,-361
-214,-145
-249,6
-357,-368
-303,-283
322,-275
-10,18
390,497
-166,327
89,-306
305,-191
-326,144
184,-323
-186,-247
191,-379
-234,182
-47,-113
-117,-440
-498,414
306,133
-397,-143
-5,159
-212,50
391,-404
-316,-412
-182,156
15,-461
-321,-234
470,454
129,-223
-202,437
469,-96
86,-411
118,-191
-490,-287
-8,203
300,444
485,-493
393,133
207,485
257,230
-312,334
-421,478
-419,221
-458,-55
148,-333
-112,-35
-465,-295
200,-126
395,459
-447,366
285,289
-408,331
487,43
267,-474
118,-201
-169,-173
286,378
225,74
-29,120
114,263
-254,-247
105,-145
-239,301
257,380
195,181
321,-330
187,-398
-299,57
-90,327
-228,72
-302,-465
6,-4
95,-122
428,-319
417,-203
-228,429
-112,254
167,434
47,-197
-340,-472
-350,-322
152,94
-434,-322
-363,291
-323,337
238,287
-470,481
-318,-429
9,-31
-376,-130
-327,-136
-29,467
-211,481
191,-463
-137,153
-194,-345
349,-80
139,149
-491,-74
-86,-141
-221,-141
-437,-340
224,-300
-390,-353
-469,-432
264,-398
356,292
-318,-86
46,-210
392,-142
-268,311
420,-161
-297,-5
-329,123
462,-7
-324,231
-237,-105
423,269
-119,-83
-202,-73
466,389
-438,-418
265,-473
-371,-189
-159,-471
-307,-179
-241,364
-108,-500
411,21
98,216
-361,208
-91,-376
102,87
-394,-33
469,61
183,-51
231,323
407,415
-269,97
-131,-44
-462,70
-199,316
452,-219
247,355
130,-60
306,382
450,-425
-106,364
474,-438
191,-97
-325,234
369,-367
-311,33
132,18
172,164
378,325
391,372
-350,-440
-427,104
-191,47
-448,141
-160,349
-32,491
-331,395
-111,91
-121,-338
198,111
23,-470
114,177
-400,449
-55,478
401,467
-231,233
44,-265
427,-367
248,-11
77,-124
56,-21
-496,398
-317,-436
145,-40
247,-88
457,-280
449,149
321,-467
64,168
397,399
375,-124
187,-243
461,11
86,399
244,460
462,-193
391,-104
196,-205
245,119
-247,474
219,437
-181,-468
-14,-123
329,-27
366,-9
-445,-123
353,-417
374,-488
186,-363
431,254
-189,-329
279,-209
-253,110
310,377
-313,380
131,-500
-364,254
-296,-367
280,119
273,299
-323,-424
289,-325
343,-43
294,363
-322,-320
-159,456
-348,368
429,471
5,362
415,-399
-295,-437
-309,35
387,260
-39,-42
266,482
-437,-55
-424,250
449,-318
-231,-309
360,-383
-33,-440
-292,104
19,109
426,475
58,425
256,297
-381,174
-231,306
119,313
-40,-108
322,-103
289,-238
461,276
454,491
360,-130
387,336
-267,52
194,-337
-437,345
123,32
268,-253
165,353
0,-79
-14,405
26,119
163,-97
483,-334
-289,-16
114,-366
94,137
-417,-23
-113,-276
408,-212
-224,223
311,-197
-109,360
494,74
218,-285
252,-315
-141,25
-157,280
-113,-286
274,378
158,445
419,-283
486,-232
120,-225
-305,296
-439,120
-443,483
-210,-74
338,-378
446,-302
-439,306
8,448
363,254
-155,-111
-286,428
-12,116
213,429
263,-311
438,-480
92,237
-346,-173
374,359
-301,-491
121,154
147,-388
-247,491
139,-252
-496,478
223,-107
-387,-473
57,-159
77,-221
-242,192
-432,-147
285,-478
218,21
-447,188
-155,-22
-485,-219
428,377
-332,-225
1,-410
-68,-5
59,463
-251,389
-492,71
-338,201
-273,-275
232,-418
-282,-224
301,-279
201,-401
-229,4
-6,100
78,325
-134,-227
187,352
499,-69
465,-312
-201,50
50,-18
209,420
-186,-102
379,-341
-131,-147
-121,287
423,-406
313,276
-3,170
335,-1
390,-225
466,85
-140,-65
47,-472
451,-500
-314,-302
57,23
-36,419
-15,-326
-365,-80
-131,74
80,235
-329,266
213,-126
-319,-250
460,-265
374,-139
-293,-369
-356,-303
387,-445
-434,148
211,370
425,270
-2,-144
65,-309
28,-346
125,-413
37,-498
-471,-486
-418,-324
257,264
-42,129
-338,-270
-279,-430
101,195
-489,310
-441,72
26,239
-451,-48
477,433
-254,272
493,-302
190,-43
296,184
-281,-149
-495,253
-180,-54
-471,-33
-425,-288
317,-82
229,-187
-26,252
-176,-390
-271,-430
-373,322
-331,431
426,119
-74,-93
195,-453
-255,-114
388,323
-129,-16
-348,-141
-133,430
274,7
-101,472
-216,-346
212,249
-16,-242
398,-277
299,-368
-21,179
-306,-158
416,-400
141,-72
83,321
327,317
-409,-155
-192,288
-437,462
415,498
158,286
26,83
80,-68
-13,-151
251,-3
190,-121
-128,-82
435,481
301,-180
-371,-67
-64,-69
-227,-133
50,-280
-229,-356
269,236
-456,382
242,366
183,277
-371,91
-174,320
-489,327
186,180
-375,-296
-162,499
-137,471
261,-92
-435,-146
333,-372
-237,-67
313,-44
95,148
23,266
294,436
267,167
270,-433
460,-111
204,-437
489,144
147,344
-324,-302
-76,-330
-148,152
-14,-147
43,56
-447,-414
47,394
-111,86
-235,-265
-454,-20
176,83
-60,-354
395,334
-419,-33
428,-356
119,440
3,-157
-446,101
275,-346
-135,-413
100,474
243,-483
-87,-368
-330,-6
-44,243
271,483
401,445
356,62
-286,332
-404,-313
373,-419
491,-105
-355,-383
-342,-344
209,378
28,409
-80,485
370,-434
213,493
-19,370
449,-400
363,-53
365,-101
162,-313
-76,-476
-346,-341
-208,-422
-463,278
370,453
452,360
-399,-214
-291,-458
-361,302
24,197
-238,-420
280,-372
73,428
-477,-243
78,403
21,498
203,486
-361,473
-33,-453
95,-20
476,152
42,334
284,82
174,47
-146,134
56,75
-282,432
-89,-102
-77,248
32,276
-312,-230
-389,459
247,-303
-300,-148
381,111
394,-178
-462,231
144,-421
294,398
-302,-298
-307,-69
350,207
-193,-206
-6,-213
141,404
49,30
150,100
-266,-433
311,-416
115,-257
362,-388
184,343
188,-226
-176,-250
-235,-325
277,189
-337,-383
-67,-394
26,246
-273,-131
359,-14
-491,-216
-276,-101
90,409
-233,-357
409,-437
110,-414
268,237
369,-461
-282,46
-387,-178
-376,-140
-250,-171
-225,267
-240,-207
177,329
-157,-409
231,-334
182,371
-203,301
-335,-236
113,-124
120,-261
178,99
-386,-131
-415,-233
-390,17
-349,15
274,79
467,461
-113,-331
75,-340
-147,-283
-282,-380
-351,-282
-406,62
-422,-408
162,422
-71,309
111,175
358,397
37,-124
-38,-423
-490,-11
33,180
-317,488
-497,418
-231,-492
400,415
496,84
13,370
-309,-472
-151,-374
482,-400
-221,330
-252,172
222,-386
30,39
187,368
-486,407
459,89
-266,395
158,-70
435,420
316,-235
313,-234
-408,-435
-318,45
-167,-283
141,-13
42,450
-399,393
107,-45
317,185
415,-219
163,332
-214,71
-225,-358
-260,-229
376,-356
-281,-184
476,85
479,60
-98,-332
-55,-405
381,-500
-272,489
-58,-17
467,-298
-462,-224
196,412
201,-449
79,363
221,-185
290,-357
-147,-138
135,185
150,-216
43,-194
4,443
458,-168
88,99
137,298
-30,351
-260,-69
-231,78
-42,412
295,-302
225,128
382,462
414,322
-348,-247
-409,-326
-384,289
320,472
-203,319
185,380
-244,-208
-219,-19
218,-441
-369,-390
309,101
183,329
436,118
217,428
203,-418
279,-198
401,262
-210,333
313,318
-153,-75
46,-362
252,-3
6,122
-485,293
323,160
334,-494
-220,-464
451,-360
33,80
-255,165
341,-209
-114,288
76,152
58,-60
-1,-487
23,134
398,-280
296,-448
-8,53
233,9
238,316
39,-313
499,-261
265,105
198,197
437,-340
68,73
-331,-152
-155,199
101,-458
477,-118
-199,140
-359,-495
87,-221
31,296
-36,-132
166,262
-316,341
262,141
95,71
53,-411
44,-14
176,-353
3,36
-51,-258
354,235
44,481
186,355
400,-394
70,-434
-372,-408
165,-378
-156,-426
-129,30
108,401
475,5
182,-320
-198,-135
-290,472
105,-294
-478,81
-248,327
-145,-208
-210,-61
